Age,Gender,Height,Weight,BMI,Physical_Activity,Diet_Quality,Vitamin_D,Iron,Calcium,Vitamin_B12,Omega_3,Zinc,Magnesium,Protein,VitD_Status,Iron_Status,Calcium_Status,Anemia,Osteoporosis,Diabetes,Cardio
56,M,166,68,24.68,Moderate,Average,48,7,587,2.4709374682294847,0.9668066136610688,8,308,35,Excess,Deficient,Deficient,1,1,0,0
69,M,189,86,24.08,Moderate,Poor,8,18,716,3.540355005609236,2.728953721305251,9,194,63,Deficient,Normal,Deficient,0,1,0,0
46,M,181,53,16.18,Moderate,Average,33,21,500,3.4958246250641563,2.759225394892069,13,400,92,Excess,Excess,Deficient,0,1,0,0
32,F,178,96,30.3,Low,Good,27,23,634,2.2105599773206337,2.846937302060204,10,314,77,Normal,Excess,Deficient,0,1,1,0
60,M,152,53,22.94,High,Average,10,10,1196,1.999899579611575,1.704622320578343,16,342,52,Deficient,Normal,Normal,0,1,0,0
25,M,189,69,19.32,High,Good,36,8,850,2.475784072117388,2.12815321891584,11,158,42,Excess,Deficient,Normal,1,0,0,0
38,M,183,59,17.62,Moderate,Average,46,11,639,2.718317529211327,2.4019928761664917,11,214,76,Excess,Normal,Deficient,0,1,0,0
56,F,189,73,20.44,High,Average,22,23,1117,1.715011631883991,0.6537394703562571,8,431,73,Normal,Excess,Normal,0,0,0,0
36,F,176,84,27.12,High,Average,19,21,632,3.381865254146772,1.9225844264932423,8,330,61,Normal,Excess,Deficient,0,1,1,0
40,M,162,75,28.58,High,Good,44,20,1119,2.4594482971972687,0.3926043335189415,8,431,55,Excess,Excess,Normal,0,0,1,1
28,M,182,86,25.96,Moderate,Good,36,19,677,2.0021366452598786,1.64342842514956,18,428,82,Excess,Excess,Deficient,0,1,0,0
28,M,155,87,36.21,Moderate,Average,13,12,857,1.320462978891972,0.718075240374614,19,179,43,Deficient,Normal,Normal,1,1,1,1
41,M,173,70,23.39,High,Poor,41,23,879,1.716535481210821,0.7938919000976288,15,415,81,Excess,Excess,Normal,0,0,0,0
53,F,168,89,31.53,High,Average,14,12,1157,3.847843515267951,1.2856284300700245,9,366,65,Deficient,Normal,Normal,0,1,1,0
57,F,165,88,32.32,Moderate,Good,24,22,949,1.91529906045858,1.4675803501345583,9,254,37,Normal,Excess,Normal,0,0,1,0
41,F,189,70,19.6,Low,Average,10,20,1085,1.506577868101106,1.9825655462369056,12,333,69,Deficient,Excess,Normal,0,1,0,0
20,F,177,59,18.83,High,Good,7,24,962,2.3820183749649795,0.5009567297839923,13,297,51,Deficient,Excess,Normal,0,1,0,0
39,M,182,87,26.26,Low,Good,46,23,607,1.9212632300807464,1.6599677553411007,6,254,45,Excess,Excess,Deficient,0,1,0,0
19,M,162,95,36.2,High,Good,15,14,621,1.1054777508135825,0.793087851683373,15,196,89,Normal,Normal,Deficient,1,1,1,1
41,M,174,53,17.51,Low,Average,47,21,516,1.969435651838252,1.8497329725857032,11,236,89,Excess,Excess,Deficient,0,1,0,0
61,F,185,94,27.47,Low,Good,21,17,695,2.6323258718184057,2.020992453105196,5,278,39,Normal,Normal,Deficient,0,1,1,0
47,M,176,69,22.28,Low,Good,36,17,826,2.6551371160599007,1.8031149926927053,5,407,54,Excess,Normal,Normal,0,0,0,0
55,F,187,66,18.87,Moderate,Average,8,11,817,2.069676763530666,2.293397878291431,8,296,60,Deficient,Normal,Normal,0,1,0,0
19,F,156,56,23.01,Low,Good,8,14,978,2.341908268757802,1.2061449594504337,14,221,50,Deficient,Normal,Normal,0,1,0,0
38,M,154,53,22.35,Low,Average,21,6,751,3.896553754704299,2.365787797409453,11,289,62,Normal,Deficient,Deficient,1,1,0,0
50,M,180,78,24.07,Low,Good,45,8,1002,2.1320454316909347,1.468471120612123,6,176,60,Excess,Deficient,Normal,1,0,0,0
29,M,172,63,21.3,High,Poor,23,10,618,1.774680439779949,1.6072981454710116,15,178,50,Normal,Normal,Deficient,0,1,0,0
39,F,159,52,20.57,Low,Poor,9,22,1173,1.7304011322002804,2.049875743604893,6,420,65,Deficient,Excess,Normal,0,1,0,0
61,M,181,73,22.28,High,Good,36,10,1209,2.3732938381124025,0.3495676367979047,5,323,94,Excess,Normal,Excess,0,0,0,0
42,F,179,86,26.84,Low,Poor,26,21,997,3.2785604461508324,2.0657843978346704,14,402,33,Normal,Excess,Normal,0,0,0,0
66,M,188,65,18.39,Low,Average,10,18,985,1.6179645525654196,1.970179902494712,6,209,97,Deficient,Normal,Normal,0,1,0,0
44,F,180,53,16.36,Moderate,Poor,39,15,544,3.127888381422304,1.136587215233856,17,256,33,Excess,Normal,Deficient,0,1,0,0
59,F,167,73,26.18,High,Good,26,23,813,1.0634494700482489,0.5316445692286216,19,369,38,Normal,Excess,Normal,1,0,0,0
45,M,185,83,24.25,Low,Good,5,6,678,2.256798933951838,0.5455257147652111,11,408,59,Deficient,Deficient,Deficient,1,1,0,0
33,F,151,79,34.65,High,Average,24,7,917,3.3275951956083607,2.792704116860117,13,295,74,Normal,Deficient,Normal,1,0,1,0
32,F,163,67,25.22,High,Good,26,15,1055,2.0161988673232942,2.1610541673097603,10,201,33,Normal,Normal,Normal,0,0,0,0
64,M,162,68,25.91,Moderate,Average,15,10,1282,2.6912113043361985,0.643177057180999,14,209,98,Normal,Normal,Excess,0,0,0,0
68,F,178,80,25.25,Moderate,Poor,17,18,577,1.6149376984777324,1.2631525571340472,6,183,52,Normal,Normal,Deficient,0,1,0,0
61,M,161,68,26.23,Moderate,Poor,46,23,825,3.2259861733785167,1.8997040835343104,16,245,45,Excess,Excess,Normal,0,0,0,0
69,F,188,98,27.73,Moderate,Average,7,20,1189,1.1568373098062787,2.556043603744752,19,238,51,Deficient,Excess,Normal,1,1,1,0
20,M,151,95,41.66,Moderate,Average,13,11,856,3.557627934626501,0.417884507525123,14,380,77,Deficient,Normal,Normal,0,1,1,1
54,M,181,68,20.76,Moderate,Good,16,12,915,1.5945891592650043,0.938909454969024,19,424,91,Normal,Normal,Normal,0,0,0,0
68,F,162,71,27.05,Moderate,Poor,27,23,1014,3.623194095124992,2.702322273797526,14,395,89,Normal,Excess,Normal,0,0,1,0
24,F,176,73,23.57,Moderate,Average,18,24,713,2.057587723901552,0.3247469854963045,17,260,34,Normal,Excess,Deficient,0,1,0,0
38,F,166,94,34.11,Low,Poor,37,20,573,3.16805072342346,0.8437775775434959,13,383,36,Excess,Excess,Deficient,0,1,1,1
26,F,189,61,17.08,High,Average,22,11,1062,1.9576758933585652,2.889365275127008,11,427,80,Normal,Normal,Normal,0,0,0,0
56,F,180,79,24.38,Moderate,Poor,45,13,1078,3.717735013703943,1.956184985609862,15,315,94,Excess,Normal,Normal,0,0,0,0
35,M,183,87,25.98,Moderate,Good,13,17,1008,1.379911376555123,1.0065126899212675,5,277,38,Deficient,Normal,Normal,1,1,0,0
21,F,173,80,26.73,High,Poor,27,5,831,1.535559367817796,0.4808759548687885,16,386,74,Normal,Deficient,Normal,1,0,0,0
42,M,184,85,25.11,Low,Poor,14,12,592,2.479090375476406,0.3761166192074998,13,440,76,Deficient,Normal,Deficient,0,1,0,0
31,M,155,68,28.3,High,Poor,23,8,1187,1.2458153171144384,0.9608117150197036,6,256,96,Normal,Deficient,Normal,1,0,1,1
67,F,168,97,34.37,High,Poor,9,7,1156,1.5879405541052858,2.6800117128900585,8,277,53,Deficient,Deficient,Normal,1,1,1,0
26,M,179,94,29.34,Moderate,Poor,27,7,1018,3.8312991466360433,1.4229668666032758,13,344,39,Normal,Deficient,Normal,1,0,1,0
43,M,156,85,34.93,High,Good,34,17,768,3.9294689834436616,2.2449000967481814,8,292,77,Excess,Normal,Deficient,0,1,1,0
19,M,159,79,31.25,High,Average,29,12,875,2.128777987991266,2.779369595525886,7,260,64,Normal,Normal,Normal,0,0,1,0
37,M,181,98,29.91,Moderate,Poor,32,11,503,3.769858063041807,1.4017092463276049,5,239,83,Excess,Normal,Deficient,0,1,1,0
45,F,183,82,24.49,Moderate,Good,38,5,637,2.6344740270202958,0.8164489018009722,11,400,45,Excess,Deficient,Deficient,1,1,0,0
64,M,177,67,21.39,Moderate,Poor,49,20,730,1.8092273976213007,1.6962184133136828,19,429,82,Excess,Excess,Deficient,0,1,0,0
24,F,164,98,36.44,Moderate,Poor,29,10,1099,3.107196163241796,2.751825955061607,10,373,69,Normal,Normal,Normal,0,0,1,0
61,F,179,77,24.03,High,Average,14,11,1028,2.9767054197245715,2.4718109181717915,14,250,49,Deficient,Normal,Normal,0,1,0,0
25,M,186,96,27.75,High,Poor,18,16,551,3.9673759573262,0.4777405770805152,8,281,98,Normal,Normal,Deficient,0,1,1,1
64,F,178,60,18.94,Low,Good,46,13,1145,1.79514186222785,2.169946560209471,10,162,74,Excess,Normal,Normal,0,0,0,0
52,F,171,94,32.15,Low,Good,34,15,1222,3.0161785079852064,1.8441233106391752,10,247,35,Excess,Normal,Excess,0,0,1,0
31,F,153,82,35.03,High,Average,45,14,824,1.156071265088341,2.750150576135349,17,269,98,Excess,Normal,Normal,1,0,1,0
34,M,169,66,23.11,Low,Poor,29,5,1230,1.3409381160901583,0.6306998254958025,8,442,78,Normal,Deficient,Excess,1,0,0,0
53,F,181,55,16.79,High,Good,18,22,1216,1.0117551248532797,1.741897505652573,18,348,68,Normal,Excess,Excess,1,0,0,0
67,F,185,53,15.49,Low,Poor,39,8,1222,3.9983820431790194,2.674549272482109,17,150,31,Excess,Deficient,Excess,1,0,0,0
57,F,153,69,29.48,Moderate,Poor,38,9,776,3.406821091442433,1.4070642242027065,10,209,68,Excess,Deficient,Deficient,1,1,1,0
21,M,176,97,31.31,Low,Poor,14,13,1035,3.3601690442006222,1.601386277878741,14,399,50,Deficient,Normal,Normal,0,1,1,0
19,F,166,96,34.84,Moderate,Average,39,21,985,2.529178225864539,0.4902438297007874,15,289,69,Excess,Excess,Normal,0,0,1,1
23,M,161,76,29.32,Moderate,Poor,15,7,1015,1.90020124871632,1.0509878292120594,12,298,83,Normal,Deficient,Normal,1,0,1,0
59,M,171,64,21.89,Moderate,Good,15,20,651,1.4537928533880278,1.176167952756158,17,193,41,Normal,Excess,Deficient,1,1,0,0
21,M,166,55,19.96,Moderate,Poor,25,9,982,1.854024216539391,2.8518306116111947,7,335,66,Normal,Deficient,Normal,1,0,0,0
46,M,159,96,37.97,Low,Good,25,20,758,2.1279136657874176,1.0632018734611297,8,257,67,Normal,Excess,Deficient,0,1,1,0
35,M,150,63,28.0,High,Poor,26,7,823,3.268930290940882,1.5443455852280603,14,193,44,Normal,Deficient,Normal,1,0,1,0
43,M,171,60,20.52,Moderate,Good,49,24,667,2.6189853667094574,2.1125219436235554,17,227,36,Excess,Excess,Deficient,0,1,0,0
61,F,175,88,28.73,Low,Good,11,19,1187,1.2324508796664482,0.737895105501269,16,375,79,Deficient,Excess,Normal,1,1,1,1
51,M,167,58,20.8,Moderate,Poor,21,7,809,1.0540870268767368,1.6133944452830613,18,311,94,Normal,Deficient,Normal,1,0,0,0
27,F,163,75,28.23,Low,Poor,6,24,978,1.3069965386021891,2.2940554065849508,19,430,96,Deficient,Excess,Normal,1,1,1,0
53,F,178,65,20.52,Low,Good,16,18,555,2.231496141092138,2.640509075173078,5,402,73,Normal,Normal,Deficient,0,1,0,0
31,M,161,54,20.83,Low,Average,46,20,1119,3.799578751147055,1.9909000415885525,8,281,60,Excess,Excess,Normal,0,0,0,0
48,F,185,59,17.24,High,Poor,22,21,972,2.912207443627665,2.1064444913557594,15,293,72,Normal,Excess,Normal,0,0,0,0
65,F,184,99,29.24,Low,Average,15,24,795,3.405477699626545,0.6409653759783362,14,415,77,Normal,Excess,Deficient,0,1,1,1
32,F,161,52,20.06,Low,Poor,20,22,960,2.3991237835136454,2.8535965425651373,14,258,90,Normal,Excess,Normal,0,0,0,0
25,F,156,62,25.48,High,Poor,22,22,823,2.084998249585128,0.6579500092081023,16,343,39,Normal,Excess,Normal,0,0,0,0
31,M,178,92,29.04,High,Poor,39,18,640,1.3252011181498682,2.3916169303908554,18,184,58,Excess,Normal,Deficient,1,1,1,0
40,F,160,98,38.28,Low,Poor,30,22,1166,3.627799066558615,1.0150040688014608,13,424,77,Normal,Excess,Normal,0,0,1,0
57,M,182,79,23.85,High,Average,20,19,761,3.3494800870837085,2.820701487993379,12,336,91,Normal,Excess,Deficient,0,1,0,0
38,F,155,94,39.13,Moderate,Poor,10,19,1284,1.5043542927931752,2.2438907562975947,15,392,42,Deficient,Excess,Excess,0,1,1,0
33,F,164,55,20.45,Moderate,Good,48,10,919,2.5367816916287813,2.335297025041596,8,413,73,Excess,Normal,Normal,0,0,0,0
62,M,181,66,20.15,High,Good,47,19,1243,2.4621244237637345,0.8914597672616851,16,159,76,Excess,Excess,Excess,0,0,0,0
35,F,160,94,36.72,High,Average,46,22,740,2.8752746580595856,1.4962079369149344,11,315,93,Excess,Excess,Deficient,0,1,1,0
64,F,172,68,22.99,Low,Poor,16,8,854,3.838560681973784,1.9680956253910733,14,178,82,Normal,Deficient,Normal,1,0,0,0
41,F,175,91,29.71,High,Good,17,12,1269,2.739314325287439,2.3789287691578225,7,420,73,Normal,Normal,Excess,0,0,1,0
43,M,183,84,25.08,Low,Average,8,19,1260,2.620651800335856,0.5806903149634519,13,236,57,Deficient,Excess,Excess,0,1,0,0
42,F,183,95,28.37,Moderate,Poor,43,7,1088,1.1509687988039918,2.8983863544272266,14,172,31,Excess,Deficient,Normal,1,0,1,0
62,M,178,75,23.67,High,Good,6,19,679,1.1887224280540718,2.703595810497301,8,359,86,Deficient,Excess,Deficient,1,1,0,0
58,F,153,54,23.07,Low,Good,30,17,565,1.5620403739803668,1.0299411943380778,6,195,86,Normal,Normal,Deficient,0,1,0,0
46,M,166,78,28.31,Low,Average,31,13,847,1.0974123150752448,2.521452656187296,14,177,63,Excess,Normal,Normal,1,0,1,0
32,M,184,86,25.4,Moderate,Poor,31,6,670,3.230058686710037,1.6994745922075234,9,175,87,Excess,Deficient,Deficient,1,1,0,0
62,F,162,69,26.29,High,Poor,19,12,973,3.169990911981889,1.5468775002174504,6,415,81,Normal,Normal,Normal,0,0,0,0
18,F,188,98,27.73,Moderate,Good,12,24,1033,1.4081687032949288,1.1489720856907946,18,324,58,Deficient,Excess,Normal,1,1,1,0
42,M,164,70,26.03,Low,Good,11,21,866,3.508236702385843,1.8686151839053,14,153,64,Deficient,Excess,Normal,0,1,0,0
24,M,178,59,18.62,Low,Good,44,17,606,1.464358104538336,2.270700617799714,10,216,77,Excess,Normal,Deficient,1,1,0,0
26,F,178,54,17.04,High,Poor,16,5,938,1.9035267609920763,1.4095188433994474,15,284,62,Normal,Deficient,Normal,1,0,0,0
41,M,160,85,33.2,Low,Average,17,6,726,1.746930697484095,1.9988918211223887,14,204,38,Normal,Deficient,Deficient,1,1,1,0
18,F,181,55,16.79,High,Average,47,19,943,2.1169212957191434,2.18814488711932,5,180,77,Excess,Excess,Normal,0,0,0,0
61,F,151,75,32.89,Moderate,Poor,21,16,941,1.7639912976698855,2.220028905941272,18,223,96,Normal,Normal,Normal,0,0,1,0
25,F,163,53,19.95,High,Average,21,18,895,2.466852779315356,0.4403084649541867,10,168,65,Normal,Normal,Normal,0,0,0,0
41,F,169,88,30.81,High,Good,40,6,1227,2.2222236440640564,2.6213190753496804,8,305,73,Excess,Deficient,Excess,1,0,1,0
28,M,171,88,30.09,Low,Average,25,22,1080,3.9597084723379794,1.5372839498656297,7,305,89,Normal,Excess,Normal,0,0,1,0
68,F,160,99,38.67,Low,Average,12,11,583,1.167779050384677,1.008523420579779,6,296,92,Deficient,Normal,Deficient,1,1,1,0
34,M,176,84,27.12,High,Average,9,10,1114,1.4265441291620549,0.9527641701951404,11,236,34,Deficient,Normal,Normal,1,1,1,1
25,F,152,50,21.64,Low,Good,30,18,1050,1.1584776817258071,1.6041381046786665,13,169,69,Normal,Normal,Normal,1,0,0,0
52,M,166,73,26.49,Low,Poor,20,12,512,2.8775235849471272,2.6944451565661898,16,418,48,Normal,Normal,Deficient,0,1,0,0
52,F,177,85,27.13,Low,Good,40,6,1192,1.1635278322411589,1.3215384705431468,7,192,76,Excess,Deficient,Normal,1,0,1,0
50,M,178,55,17.36,High,Poor,32,21,992,3.50931921212837,2.324259516315567,10,177,94,Excess,Excess,Normal,0,0,0,0
22,M,170,90,31.14,Low,Poor,33,9,767,2.5358158920457834,0.5614105736654902,13,409,96,Excess,Deficient,Deficient,1,1,1,1
59,F,165,95,34.89,High,Poor,16,18,1024,2.581022873744601,1.585353095807867,6,171,47,Normal,Normal,Normal,0,0,1,0
56,F,186,93,26.88,Low,Average,41,24,619,2.6847835231365824,2.977552579060386,11,250,79,Excess,Excess,Deficient,0,1,0,0
58,F,169,80,28.01,Moderate,Average,34,7,852,1.5124411189186322,2.3801820675393097,9,188,59,Excess,Deficient,Normal,1,0,1,0
45,F,155,69,28.72,Low,Poor,27,9,556,1.5930709093434627,0.8684269187896552,9,439,95,Normal,Deficient,Deficient,1,1,1,1
24,M,168,73,25.86,Low,Poor,20,20,539,1.956451968619014,1.6538919789843591,15,449,34,Normal,Excess,Deficient,0,1,0,0
26,F,154,74,31.2,High,Average,18,22,835,2.780489247465554,0.9307868618511296,11,319,71,Normal,Excess,Normal,0,0,1,1
25,M,152,85,36.79,High,Good,14,21,1139,1.6303533278206437,1.405814503608775,13,445,34,Deficient,Excess,Normal,0,1,1,0
29,M,150,70,31.11,Low,Poor,11,15,672,1.3489951813997836,2.4062268640844047,8,279,79,Deficient,Normal,Deficient,1,1,1,0
51,F,187,79,22.59,Moderate,Good,49,21,1046,3.910350659255297,2.3823070012840897,13,305,87,Excess,Excess,Normal,0,0,0,0
50,M,164,73,27.14,Low,Average,41,20,758,1.0659454444288687,0.91587102033644,19,223,37,Excess,Excess,Deficient,1,1,1,1
65,M,183,93,27.77,Low,Poor,33,6,1016,3.4080922160080647,2.7900029590181226,18,239,60,Excess,Deficient,Normal,1,0,1,0
40,M,184,91,26.88,Moderate,Good,7,8,1229,3.3641054487250663,1.8999340934650328,17,216,41,Deficient,Deficient,Excess,1,1,0,0
41,M,174,79,26.09,High,Good,19,11,1022,1.891642341535288,1.3257955855974393,15,385,50,Normal,Normal,Normal,0,0,0,0
54,F,173,71,23.72,Low,Good,40,6,616,1.4068798480219402,1.655226068108324,14,349,91,Excess,Deficient,Deficient,1,1,0,0
52,F,161,77,29.71,High,Average,23,10,683,1.4368859401162704,1.9336923842819085,13,376,62,Normal,Normal,Deficient,1,1,1,0
61,F,167,56,20.08,High,Average,17,21,615,3.0922948517115776,1.8117044359836207,17,382,55,Normal,Excess,Deficient,0,1,0,0
57,F,164,84,31.23,Moderate,Good,46,11,661,2.928419773258521,1.6132935959476813,8,415,69,Excess,Normal,Deficient,0,1,1,0
39,M,165,77,28.28,Moderate,Good,25,9,1078,3.3482370227541605,1.6633185710413805,7,235,94,Normal,Deficient,Normal,1,0,1,0
44,M,176,63,20.34,High,Average,41,9,1211,3.812443517197314,0.7763121581552928,6,251,88,Excess,Deficient,Excess,1,0,0,0
52,F,157,59,23.94,Low,Good,31,24,1042,3.075782089799776,2.4943788416226345,13,363,44,Excess,Excess,Normal,0,0,0,0
18,F,174,65,21.47,High,Good,33,20,1086,1.4675546096543304,1.7627528638407417,16,257,30,Excess,Excess,Normal,1,0,0,0
52,F,166,65,23.59,Low,Average,24,23,736,1.730327850296232,0.6539156266026984,6,314,40,Normal,Excess,Deficient,0,1,0,0
54,M,178,80,25.25,Low,Good,29,13,565,3.526581192619344,2.3686241742735006,10,240,84,Normal,Normal,Deficient,0,1,0,0
64,F,157,91,36.92,Moderate,Good,10,9,569,1.6279182275026258,2.817598741618847,9,341,31,Deficient,Deficient,Deficient,1,1,1,0
31,F,164,74,27.51,Low,Good,40,12,946,1.217566950863444,2.8577286279397978,18,235,94,Excess,Normal,Normal,1,0,1,0
20,F,176,62,20.02,Low,Average,6,13,915,3.1098401621267517,1.2963478775101664,9,371,73,Deficient,Normal,Normal,0,1,0,0
18,M,156,55,22.6,High,Good,26,9,1031,2.207579066470426,0.6658955586140359,8,250,45,Normal,Deficient,Normal,1,0,0,0
22,M,152,93,40.25,Moderate,Average,36,14,940,3.760120157637711,1.699678991909276,10,375,51,Excess,Normal,Normal,0,0,1,0
43,M,178,58,18.31,Low,Average,20,6,1237,2.9507652132809845,0.6040449192428958,9,209,47,Normal,Deficient,Excess,1,0,0,0
31,M,173,94,31.41,Low,Poor,22,13,963,1.2712569333749824,2.8217660299840666,15,399,76,Normal,Normal,Normal,1,0,1,0
56,M,152,85,36.79,Moderate,Poor,9,15,895,3.8435697017609822,0.7956649938588942,8,197,59,Deficient,Normal,Normal,0,1,1,1
44,M,169,92,32.21,High,Good,40,8,1210,1.7756717909207378,0.9824678218681432,17,266,39,Excess,Deficient,Excess,1,0,1,1
26,M,164,69,25.65,Moderate,Average,34,6,1050,2.011637471218857,1.3979186225894202,13,376,87,Excess,Deficient,Normal,1,0,0,0
32,M,174,67,22.13,Moderate,Poor,49,10,1156,2.206781241050626,1.3345440651096396,17,182,91,Excess,Normal,Normal,0,0,0,0
32,F,179,92,28.71,Low,Good,23,18,1056,1.1536728892129398,2.4455898094743005,10,193,35,Normal,Normal,Normal,1,0,1,0
43,F,163,70,26.35,Low,Poor,27,5,894,2.4895462666918147,1.5320554154875985,15,314,96,Normal,Deficient,Normal,1,0,0,0
59,M,156,53,21.78,High,Poor,38,22,825,1.3699554732258767,0.7610743020090096,14,441,70,Excess,Excess,Normal,1,0,0,0
30,M,166,99,35.93,Low,Average,17,11,590,2.202910980065055,1.0214667178124002,14,436,72,Normal,Normal,Deficient,0,1,1,0
68,F,169,82,28.71,Low,Average,47,5,1249,2.052129363976253,1.6746061400063097,17,374,47,Excess,Deficient,Excess,1,0,1,0
49,M,185,76,22.21,Moderate,Poor,33,5,569,3.31852025027951,0.6981255770505642,14,435,87,Excess,Deficient,Deficient,1,1,0,0
56,M,158,56,22.43,Low,Poor,40,5,665,3.409511534898193,1.9514703242442384,17,353,89,Excess,Deficient,Deficient,1,1,0,0
66,M,187,55,15.73,High,Average,26,8,1141,1.460238647167264,1.827517727688094,7,321,56,Normal,Deficient,Normal,1,0,0,0
69,F,171,64,21.89,Moderate,Good,40,8,713,2.0996535621376786,2.229696254232096,14,161,97,Excess,Deficient,Deficient,1,1,0,0
49,F,151,67,29.38,High,Average,13,22,1100,2.120059483095495,2.8318024615242927,10,270,51,Deficient,Excess,Normal,0,1,1,0
21,F,173,81,27.06,Moderate,Poor,43,15,834,1.4542313318082551,2.76308731497312,18,393,53,Excess,Normal,Normal,1,0,1,0
47,F,157,60,24.34,Low,Good,23,5,1263,3.3953605151535715,2.854404168785845,5,301,69,Normal,Deficient,Excess,1,0,0,0
54,F,160,69,26.95,Moderate,Poor,42,14,868,3.1216849850062696,0.9607321119639928,9,301,95,Excess,Normal,Normal,0,0,0,0
40,M,162,73,27.82,Moderate,Good,10,13,1083,1.5711453588911042,0.6552263279262575,14,337,69,Deficient,Normal,Normal,0,1,1,1
56,F,166,64,23.23,Low,Poor,19,8,1176,2.1001657257813973,1.116147091340411,10,162,35,Normal,Deficient,Normal,1,0,0,0
62,M,157,97,39.35,Low,Good,24,10,548,1.3174150745695423,2.7167299664690496,19,240,47,Normal,Normal,Deficient,1,1,1,0
32,M,170,56,19.38,High,Good,13,20,551,2.884619791279132,2.924544381483418,15,349,59,Deficient,Excess,Deficient,0,1,0,0
60,F,167,70,25.1,High,Poor,36,6,788,1.364115773645859,2.6201773678902853,12,223,50,Excess,Deficient,Deficient,1,1,0,0
46,F,179,91,28.4,Low,Good,8,22,1289,3.957802505874753,0.5970478470443678,15,405,91,Deficient,Excess,Excess,0,1,1,1
53,M,167,75,26.89,Low,Average,22,14,1125,3.342046224063587,2.8580555947614417,19,425,39,Normal,Normal,Normal,0,0,0,0
30,M,180,93,28.7,Low,Poor,9,21,738,2.170715648751985,1.4430666738471225,19,220,42,Deficient,Excess,Deficient,0,1,1,0
49,M,187,63,18.02,Moderate,Average,24,17,632,2.735691796838063,0.3251377850583549,13,227,38,Normal,Normal,Deficient,0,1,0,0
24,F,181,86,26.25,Moderate,Poor,27,22,1285,3.734025448649226,1.494463100020123,15,433,97,Normal,Excess,Excess,0,0,0,0
68,F,160,70,27.34,Moderate,Good,15,17,665,2.6622978411874785,0.4243867581237625,7,279,68,Normal,Normal,Deficient,0,1,1,1
39,F,174,67,22.13,Low,Good,41,21,873,1.5234954591938656,1.7684703871350176,6,192,53,Excess,Excess,Normal,0,0,0,0
45,F,182,54,16.3,High,Good,26,9,872,2.136110066743478,1.2140958740800387,17,157,63,Normal,Deficient,Normal,1,0,0,0
19,F,187,52,14.87,Low,Poor,8,15,977,3.5294345950892363,1.5782743207039318,8,162,90,Deficient,Normal,Normal,0,1,0,0
59,M,157,72,29.21,Moderate,Average,33,11,1254,2.9326390479688538,1.955559974006416,12,362,70,Excess,Normal,Excess,0,0,1,0
62,F,160,75,29.3,Moderate,Average,48,14,978,2.952173153001401,2.6457629587081146,15,260,34,Excess,Normal,Normal,0,0,1,0
23,M,171,86,29.41,Low,Poor,38,21,1149,3.600464457065468,2.0871342564742075,12,440,79,Excess,Excess,Normal,0,0,1,0
45,M,173,73,24.39,Low,Poor,17,19,1090,3.6819191723875138,1.471931944891088,7,172,33,Normal,Excess,Normal,0,0,0,0
45,M,166,98,35.56,Moderate,Average,46,22,1181,3.759377715338309,2.512455204909985,8,403,80,Excess,Excess,Normal,0,0,1,0
61,F,161,68,26.23,Moderate,Average,13,23,1134,1.2845475797594683,2.745071771447457,7,164,81,Deficient,Excess,Normal,1,1,0,0
61,F,181,74,22.59,Moderate,Average,46,6,1187,2.6323780058893025,0.6233519093669325,14,279,68,Excess,Deficient,Normal,1,0,0,0
37,F,164,70,26.03,Low,Average,35,8,799,3.221528563654956,1.736219039392537,6,210,37,Excess,Deficient,Deficient,1,1,0,0
47,M,165,61,22.41,Moderate,Poor,11,7,581,3.270780535381041,1.0681822913045993,8,264,74,Deficient,Deficient,Deficient,1,1,0,0
28,M,171,90,30.78,Moderate,Poor,8,11,586,2.820148605910012,0.427065234267758,10,216,57,Deficient,Normal,Deficient,0,1,1,1
45,M,177,82,26.17,High,Good,23,22,724,1.5003620055510225,2.1050760768077605,15,398,56,Normal,Excess,Deficient,0,1,0,0
42,M,169,99,34.66,Low,Average,46,14,515,3.392261661824993,2.629481099139909,18,324,94,Excess,Normal,Deficient,0,1,1,0
56,M,182,53,16.0,High,Good,34,11,857,3.1603340005448373,0.739837167088964,15,151,63,Excess,Normal,Normal,0,0,0,0
50,M,159,91,36.0,High,Poor,35,12,662,1.2584073146471089,2.493516875584531,9,321,91,Excess,Normal,Deficient,1,1,1,0
18,F,189,56,15.68,Moderate,Poor,39,10,1109,2.3914294740231288,2.6041684805497423,7,433,91,Excess,Normal,Normal,0,0,0,0
44,F,181,71,21.67,Low,Good,25,5,1167,1.5219321985654108,2.7687191951995054,6,203,67,Normal,Deficient,Normal,1,0,0,0
69,F,182,82,24.76,Moderate,Average,35,8,1013,2.012431137138916,1.0162697405323415,13,216,55,Excess,Deficient,Normal,1,0,0,0
30,F,151,66,28.95,Low,Average,23,18,849,1.0542432766170564,2.740673276012701,19,251,53,Normal,Normal,Normal,1,0,1,0
58,M,182,73,22.04,High,Average,35,21,1180,2.200989605232275,1.165789437788367,5,269,68,Excess,Excess,Normal,0,0,0,0
20,M,182,83,25.06,Low,Average,36,24,963,2.649630763468632,1.7913126363298577,13,340,50,Excess,Excess,Normal,0,0,0,0
56,F,162,77,29.34,Moderate,Good,6,22,874,2.8587477784812605,0.4363701712471617,5,196,76,Deficient,Excess,Normal,0,1,1,1
23,M,179,92,28.71,Moderate,Good,14,15,591,2.9904710353861303,0.4184789385956077,19,371,77,Deficient,Normal,Deficient,0,1,1,1
25,F,182,90,27.17,Moderate,Poor,6,18,680,3.50887393930738,2.245007674376948,18,170,42,Deficient,Normal,Deficient,0,1,1,0
44,F,162,88,33.53,Low,Average,6,13,1242,1.64638872182719,1.500095940540036,11,307,32,Deficient,Normal,Excess,0,1,1,0
26,F,175,71,23.18,High,Average,28,19,800,1.361445467315404,0.9919894134968874,10,308,61,Normal,Excess,Normal,1,0,0,0
54,M,171,98,33.51,High,Average,21,16,1159,3.554611515693777,0.8141164392672575,11,384,64,Normal,Normal,Normal,0,0,1,1
50,F,188,66,18.67,Low,Good,36,14,1291,1.4698384446779498,2.108874425319889,19,299,48,Excess,Normal,Excess,1,0,0,0
68,F,151,83,36.4,Moderate,Average,20,23,688,3.9242802440085858,0.3010841688684176,7,406,43,Normal,Excess,Deficient,0,1,1,1
59,F,187,55,15.73,High,Good,20,23,813,3.5276146881959107,2.475906156831506,18,314,77,Normal,Excess,Normal,0,0,0,0
61,M,188,95,26.88,Moderate,Average,43,10,992,2.5026298176687973,0.5139739365508078,7,226,97,Excess,Normal,Normal,0,0,0,0
41,M,175,55,17.96,Low,Average,35,24,627,3.944264274766076,0.8170219602519224,17,234,74,Excess,Excess,Deficient,0,1,0,0
32,F,164,83,30.86,Moderate,Poor,47,10,1018,1.2921301873240123,1.342838267307542,15,195,48,Excess,Normal,Normal,1,0,1,0
49,M,183,50,14.93,High,Average,28,12,925,1.9091972835253048,1.6091185972334798,5,196,93,Normal,Normal,Normal,0,0,0,0
49,M,189,59,16.52,High,Average,5,5,1058,2.9146732451218345,1.258486812697643,8,362,95,Deficient,Deficient,Normal,1,1,0,0
41,M,160,70,27.34,Moderate,Poor,15,21,1064,2.050020605419536,1.1659228454575936,16,208,95,Normal,Excess,Normal,0,0,1,0
58,M,152,54,23.37,Low,Good,25,21,686,3.785117655942376,2.902573232597609,6,203,74,Normal,Excess,Deficient,0,1,0,0
69,M,155,51,21.23,Moderate,Good,8,19,1049,1.1968782645334528,2.0322651393571647,14,161,96,Deficient,Excess,Normal,1,1,0,0
66,M,158,71,28.44,Low,Average,11,11,952,2.6482354961828936,0.3632689794919481,12,341,98,Deficient,Normal,Normal,0,1,1,1
66,M,155,97,40.37,Moderate,Good,30,23,970,2.7725988021853434,1.4614749527996458,7,155,32,Normal,Excess,Normal,0,0,1,0
69,M,158,51,20.43,High,Average,16,7,1237,2.958184371331672,2.6625234893087195,11,293,67,Normal,Deficient,Excess,1,0,0,0
29,M,188,59,16.69,Low,Poor,35,15,1064,1.7669986699954432,1.1139317033088034,11,410,71,Excess,Normal,Normal,0,0,0,0
56,M,180,83,25.62,Low,Poor,21,24,723,2.093699282559593,0.5553021308908482,16,222,69,Normal,Excess,Deficient,0,1,0,0
19,F,181,65,19.84,Low,Average,37,23,653,3.531041588994933,2.347638883292778,13,323,79,Excess,Excess,Deficient,0,1,0,0
20,F,161,97,37.42,High,Poor,15,13,1059,1.5848283069104796,1.93623734622742,10,381,64,Normal,Normal,Normal,0,0,1,0
66,M,157,88,35.7,Moderate,Poor,32,14,850,3.480603541520086,1.8398437711315607,5,419,53,Excess,Normal,Normal,0,0,1,0
54,F,157,71,28.8,High,Average,36,6,646,2.687966268708227,0.4446567109400013,12,371,46,Excess,Deficient,Deficient,1,1,1,1
66,F,177,61,19.47,Low,Average,5,5,1075,3.2865625335822464,0.6793473264478969,5,201,69,Deficient,Deficient,Normal,1,1,0,0
34,M,169,73,25.56,Moderate,Poor,32,20,848,3.1408220987904145,1.9808833697754076,7,265,95,Excess,Excess,Normal,0,0,0,0
66,M,156,96,39.45,High,Good,46,22,681,1.622534486154637,0.8611243719388568,15,175,73,Excess,Excess,Deficient,0,1,1,1
19,M,160,89,34.77,Low,Good,11,21,1136,2.7064382093016186,1.6609892153207455,9,202,52,Deficient,Excess,Normal,0,1,1,0
19,F,169,87,30.46,Low,Average,6,10,678,3.603169458415277,1.7711805522793624,12,178,35,Deficient,Normal,Deficient,0,1,1,0
45,F,165,59,21.67,High,Average,46,18,538,2.296348710405788,1.0654694137315364,13,168,95,Excess,Normal,Deficient,0,1,0,0
40,M,153,84,35.88,High,Good,28,19,1271,3.8997723106699502,2.860747919962031,19,428,50,Normal,Excess,Excess,0,0,1,0
54,M,155,98,40.79,High,Poor,8,18,502,2.3566453003051544,2.574653088456053,11,266,64,Deficient,Normal,Deficient,0,1,1,0
49,M,171,81,27.7,Low,Good,48,7,563,1.4283569100036542,2.250408470608556,13,255,58,Excess,Deficient,Deficient,1,1,1,0
50,F,175,56,18.29,High,Good,23,23,528,2.16830404023302,0.5105834393054045,15,376,36,Normal,Excess,Deficient,0,1,0,0
18,F,152,70,30.3,Low,Good,30,16,871,3.8551072191716114,0.5865510521343524,7,335,82,Normal,Normal,Normal,0,0,1,1
36,F,163,69,25.97,High,Good,15,6,1022,1.959162548019563,1.6305096338353806,17,410,66,Normal,Deficient,Normal,1,0,0,0
19,F,160,75,29.3,Low,Average,44,7,596,3.604294479601189,0.7339260428156613,9,165,52,Excess,Deficient,Deficient,1,1,1,1
61,M,167,53,19.0,Low,Average,47,22,941,3.6437520450456695,2.94131675152958,14,422,37,Excess,Excess,Normal,0,0,0,0
43,M,161,95,36.65,Moderate,Poor,15,5,702,2.0505595729958834,0.7280046318740055,12,309,77,Normal,Deficient,Deficient,1,1,1,1
49,M,172,71,24.0,High,Poor,49,24,910,1.2497729741518964,1.6161631557527298,16,399,39,Excess,Excess,Normal,1,0,0,0
23,M,161,64,24.69,High,Poor,7,10,520,3.1736737274764546,1.2831268534720648,5,373,53,Deficient,Normal,Deficient,0,1,0,0
49,F,162,89,33.91,Low,Poor,16,9,1050,1.934536897041958,2.0263433379260647,12,405,76,Normal,Deficient,Normal,1,0,1,0
21,F,174,70,23.12,Low,Good,7,5,1234,3.3487708427727174,0.6483983040014473,11,329,82,Deficient,Deficient,Excess,1,1,0,0
28,M,168,64,22.68,Low,Average,46,23,601,2.3279645447812998,1.4618543557144554,5,169,68,Excess,Excess,Deficient,0,1,0,0
34,M,185,71,20.75,Moderate,Average,31,5,545,2.455800227027865,1.0417035885792878,17,261,96,Excess,Deficient,Deficient,1,1,0,0
55,F,157,77,31.24,Moderate,Poor,6,20,565,3.3337282202456104,2.696929116613558,17,269,95,Deficient,Excess,Deficient,0,1,1,0
41,M,178,63,19.88,Low,Poor,20,16,1102,2.147089993184884,0.4095814227636767,14,343,35,Normal,Normal,Normal,0,0,0,0
22,F,181,76,23.2,High,Good,6,12,663,2.3293820359687434,2.76706423381744,16,260,50,Deficient,Normal,Deficient,0,1,0,0
69,M,167,90,32.27,High,Good,34,20,610,2.1285714063088665,2.549084174093101,14,359,65,Excess,Excess,Deficient,0,1,1,0
51,M,155,89,37.04,Moderate,Poor,24,5,837,2.10202154583184,1.103440934390202,19,150,32,Normal,Deficient,Normal,1,0,1,0
23,M,167,77,27.61,Moderate,Average,42,8,622,2.5778397307043783,2.4310847676281826,16,207,71,Excess,Deficient,Deficient,1,1,1,0
39,M,168,75,26.57,Low,Average,32,14,1204,3.426398333503452,0.3842766129146184,10,242,74,Excess,Normal,Excess,0,0,0,0
28,M,171,98,33.51,High,Average,29,15,946,2.085304935767698,2.9105369857921626,5,370,73,Normal,Normal,Normal,0,0,1,0
65,M,186,51,14.74,Low,Poor,36,21,1110,2.57276416161321,1.7218063449924317,6,360,62,Excess,Excess,Normal,0,0,0,0
33,M,181,74,22.59,Moderate,Average,14,11,790,3.0121819763278026,1.1188587703767023,9,381,89,Deficient,Normal,Deficient,0,1,0,0
50,F,152,52,22.51,High,Good,46,16,1170,1.808318338910965,1.2789746740056285,6,411,99,Excess,Normal,Normal,0,0,0,0
26,F,177,57,18.19,High,Good,44,11,911,1.8325684147071777,0.4792944543433429,18,252,55,Excess,Normal,Normal,0,0,0,0
23,F,159,93,36.79,Moderate,Poor,37,16,1114,3.800239381070365,2.971243687913506,14,199,50,Excess,Normal,Normal,0,0,1,0
33,F,184,82,24.22,Low,Good,17,19,780,3.1706037199932657,0.4060882519068696,5,259,31,Normal,Excess,Deficient,0,1,0,0
46,F,178,91,28.72,Low,Poor,45,6,542,2.731560028669927,2.06824923249922,10,237,76,Excess,Deficient,Deficient,1,1,1,0
20,M,164,84,31.23,High,Average,46,18,985,2.943160163261836,1.4953870048074376,12,169,59,Excess,Normal,Normal,0,0,1,0
37,M,182,55,16.6,Moderate,Average,41,17,1095,1.087898329310255,2.8620737891095307,12,163,56,Excess,Normal,Normal,1,0,0,0
53,F,156,88,36.16,High,Average,20,8,1202,2.8543088966850907,0.964199298828347,17,282,49,Normal,Deficient,Excess,1,0,1,1
36,M,161,72,27.78,Moderate,Good,49,18,550,2.528526619672606,1.7366344246326306,17,445,79,Excess,Normal,Deficient,0,1,1,0
43,F,179,74,23.1,Low,Poor,26,18,709,2.637249039338307,1.602361763173433,12,183,52,Normal,Normal,Deficient,0,1,0,0
20,F,170,99,34.26,Moderate,Average,24,20,625,2.078271480492451,2.1977393989352736,15,357,42,Normal,Excess,Deficient,0,1,1,0
36,M,180,92,28.4,Low,Poor,47,11,991,1.2444216931388257,0.4836276262715354,10,348,33,Excess,Normal,Normal,1,0,1,1
37,M,173,68,22.72,Moderate,Average,31,23,1008,1.5800177008361564,0.823230651063058,15,229,43,Excess,Excess,Normal,0,0,0,0
49,M,169,54,18.91,High,Good,45,6,1080,3.852234139638015,0.8793250142506945,7,220,49,Excess,Deficient,Normal,1,0,0,0
24,F,186,60,17.34,Low,Good,20,14,1276,2.2260986868128017,2.2930070380725622,5,304,42,Normal,Normal,Excess,0,0,0,0
69,M,153,61,26.06,High,Poor,38,22,757,2.4000494674925923,0.8106744800821983,6,227,32,Excess,Excess,Deficient,0,1,0,0
58,F,177,59,18.83,High,Good,36,21,687,1.158129369560317,1.848427762505637,9,227,76,Excess,Excess,Deficient,1,1,0,0
50,F,169,57,19.96,Low,Good,30,9,729,1.1126986886319417,0.881158315352575,17,321,32,Normal,Deficient,Deficient,1,1,0,0
57,F,173,73,24.39,Low,Poor,29,16,688,3.151544341140273,2.626387365226741,14,438,30,Normal,Normal,Deficient,0,1,0,0
56,M,181,77,23.5,High,Average,6,10,914,2.614283992363334,2.843900727122024,9,182,53,Deficient,Normal,Normal,0,1,0,0
35,M,185,90,26.3,High,Good,16,13,509,2.5261179526488,1.6999310323440493,14,449,64,Normal,Normal,Deficient,0,1,0,0
57,F,183,85,25.38,High,Poor,44,24,613,1.729373591268006,1.2512339873647813,18,425,43,Excess,Excess,Deficient,0,1,0,0
18,M,185,86,25.13,High,Good,13,5,575,3.2342521948897667,0.9319559925472476,5,156,96,Deficient,Deficient,Deficient,1,1,0,0
28,M,151,70,30.7,Low,Good,16,19,1175,1.5047097373254756,0.4344087041122181,5,309,42,Normal,Excess,Normal,0,0,1,1
45,M,164,57,21.19,Low,Good,30,10,1001,1.5698042309830602,1.0249502057332376,19,389,76,Normal,Normal,Normal,0,0,0,0
42,F,183,58,17.32,High,Good,13,23,584,2.3821365140448263,2.0664366058523584,13,173,79,Deficient,Excess,Deficient,0,1,0,0
67,F,185,96,28.05,Moderate,Poor,14,22,548,1.8588395863358227,1.7407657145348694,6,363,55,Deficient,Excess,Deficient,0,1,1,0
40,M,155,64,26.64,Moderate,Poor,36,10,994,1.742388943699439,2.848911451358504,11,219,32,Excess,Normal,Normal,0,0,0,0
48,F,188,97,27.44,Low,Poor,38,17,1188,2.935712933659995,1.3699486087275916,14,365,80,Excess,Normal,Normal,0,0,1,0
47,M,161,95,36.65,High,Good,24,5,886,2.9529152356556336,2.173431024286665,8,253,69,Normal,Deficient,Normal,1,0,1,0
59,M,152,89,38.52,High,Good,43,17,888,3.473551209399788,1.6211714181828278,11,364,97,Excess,Normal,Normal,0,0,1,0
52,M,167,67,24.02,Low,Good,6,11,717,2.253125700918928,1.6839557829953715,12,203,65,Deficient,Normal,Deficient,0,1,0,0
24,M,189,91,25.48,Moderate,Poor,5,19,1200,1.2192552730784507,1.0229906494311172,9,443,80,Deficient,Excess,Normal,1,1,0,0
33,F,170,69,23.88,Moderate,Good,40,16,845,1.820999154764373,1.5283670974733994,17,352,30,Excess,Normal,Normal,0,0,0,0
43,F,164,55,20.45,Moderate,Average,28,5,729,3.9400163895904505,1.5711194919343097,16,437,62,Normal,Deficient,Deficient,1,1,0,0
65,F,182,61,18.42,Low,Good,31,19,754,2.7887757256981063,2.2079348087221216,16,194,36,Excess,Excess,Deficient,0,1,0,0
69,M,184,51,15.06,Moderate,Average,6,8,735,3.129211254403061,2.839727997802507,5,347,81,Deficient,Deficient,Deficient,1,1,0,0
66,M,175,56,18.29,Low,Good,35,17,525,1.0220734888762435,1.1891674492027615,8,365,40,Excess,Normal,Deficient,1,1,0,0
19,M,157,65,26.37,Low,Poor,18,9,1083,2.5546171965475626,0.4139412651695058,14,333,56,Normal,Deficient,Normal,1,0,0,0
18,F,185,52,15.19,High,Good,6,6,760,1.1125859725954093,1.6399968388517274,7,176,43,Deficient,Deficient,Deficient,1,1,0,0
65,M,179,94,29.34,Moderate,Average,33,5,1265,2.707690636274344,1.7700455968027553,14,315,75,Excess,Deficient,Excess,1,0,1,0
29,F,172,52,17.58,Low,Average,19,20,770,3.762312548908226,0.7547894880561712,19,423,39,Normal,Excess,Deficient,0,1,0,0
22,F,163,76,28.6,Moderate,Good,16,10,622,3.905257391501224,2.35325443694538,16,252,53,Normal,Normal,Deficient,0,1,1,0
54,F,163,99,37.26,Moderate,Average,41,20,1155,2.6216580261667723,2.9593085927920275,9,253,90,Excess,Excess,Normal,0,0,1,0
49,F,151,92,40.35,High,Average,32,18,756,2.374614415756648,2.8535917359228447,14,394,47,Excess,Normal,Deficient,0,1,1,0
26,F,186,89,25.73,Moderate,Poor,24,7,1155,3.835051282745482,0.8321863048238609,17,318,38,Normal,Deficient,Normal,1,0,0,0
58,F,154,87,36.68,High,Good,43,19,920,3.020829495990085,2.663480747732054,14,265,46,Excess,Excess,Normal,0,0,1,0
52,M,187,82,23.45,Low,Good,28,7,758,1.1946978386152285,2.202132818311549,17,290,87,Normal,Deficient,Deficient,1,1,0,0
36,M,163,77,28.98,Moderate,Good,25,6,546,2.3971767330024925,1.525385722278661,10,274,42,Normal,Deficient,Deficient,1,1,1,0
65,F,188,50,14.15,Low,Average,14,5,1024,1.7207350553929115,1.7596496846767686,6,174,79,Deficient,Deficient,Normal,1,1,0,0
33,F,174,57,18.83,Moderate,Good,18,13,707,2.4094129643460445,2.593920472452637,11,343,35,Normal,Normal,Deficient,0,1,0,0
20,M,169,86,30.11,Low,Good,41,13,810,2.3663967160190853,1.5963643370236076,17,249,80,Excess,Normal,Normal,0,0,1,0
37,F,151,81,35.52,Moderate,Poor,22,11,1246,2.746434408444226,1.3076598965838426,7,154,65,Normal,Normal,Excess,0,0,1,0
41,F,188,97,27.44,Moderate,Poor,28,7,648,2.070311471047754,1.6317682311701618,19,168,54,Normal,Deficient,Deficient,1,1,1,0
50,M,155,92,38.29,Moderate,Poor,18,22,937,1.492811348367784,1.8636504708946329,5,319,40,Normal,Excess,Normal,1,0,1,0
41,F,166,86,31.21,Moderate,Average,38,15,654,2.511158303769869,0.810509665201542,14,423,73,Excess,Normal,Deficient,0,1,1,1
69,F,174,53,17.51,Moderate,Good,16,11,1177,3.4906086530372864,2.732450871720874,7,403,43,Normal,Normal,Normal,0,0,0,0
28,F,177,79,25.22,Moderate,Poor,26,13,589,2.992036684202807,2.1203047618399573,13,270,58,Normal,Normal,Deficient,0,1,0,0
66,M,151,55,24.12,Moderate,Poor,10,5,1197,2.0151035977756475,2.00982607681122,14,181,79,Deficient,Deficient,Normal,1,1,0,0
25,M,184,95,28.06,Moderate,Poor,40,18,857,3.806569068276572,0.568639810687723,15,298,34,Excess,Normal,Normal,0,0,1,1
53,M,186,68,19.66,Moderate,Good,49,24,673,3.7366227137475465,1.931269633065998,15,415,98,Excess,Excess,Deficient,0,1,0,0
55,F,154,81,34.15,Low,Good,40,10,716,1.6280451981522963,0.6265937880439293,19,186,86,Excess,Normal,Deficient,0,1,1,1
57,F,150,58,25.78,High,Good,26,11,955,1.1182527553610888,0.5124837230275774,10,326,55,Normal,Normal,Normal,1,0,0,0
37,M,189,61,17.08,Moderate,Average,18,14,1275,3.223926125052287,1.723739418234462,15,162,35,Normal,Normal,Excess,0,0,0,0
52,F,161,60,23.15,High,Average,20,11,1108,3.48283078404746,1.3875209419255363,10,332,45,Normal,Normal,Normal,0,0,0,0
65,F,185,95,27.76,Moderate,Poor,40,6,1128,3.903593697854066,1.8897877294218028,8,294,89,Excess,Deficient,Normal,1,0,1,0
42,F,172,65,21.97,Moderate,Good,29,8,698,3.669509182264932,0.5408998537545442,19,414,41,Normal,Deficient,Deficient,1,1,0,0
52,F,180,50,15.43,Low,Poor,36,21,985,2.8016043046192447,1.4636542696875978,12,237,32,Excess,Excess,Normal,0,0,0,0
42,F,160,94,36.72,Low,Good,37,5,1032,2.5901570176371425,0.7719241306219266,9,195,92,Excess,Deficient,Normal,1,0,1,1
46,M,159,70,27.69,High,Good,49,14,699,1.083523153787759,2.9651702319951148,11,268,93,Excess,Normal,Deficient,1,1,1,0
35,F,152,79,34.19,Low,Good,40,23,870,1.7399693405343335,1.815105573574971,13,168,91,Excess,Excess,Normal,0,0,1,0
63,M,163,62,23.34,Low,Average,24,19,947,2.3788442551987794,2.156079524540342,17,369,35,Normal,Excess,Normal,0,0,0,0
35,F,165,83,30.49,High,Average,22,14,747,2.885511700250704,1.1786293578430411,17,382,48,Normal,Normal,Deficient,0,1,1,0
19,M,159,53,20.96,Low,Good,42,23,1287,2.671755499955232,0.5557950699042292,18,243,47,Excess,Excess,Excess,0,0,0,0
52,F,178,77,24.3,Moderate,Poor,7,16,763,3.227907969045072,2.9348513295155487,9,400,72,Deficient,Normal,Deficient,0,1,0,0
33,M,159,87,34.41,High,Good,27,20,557,1.839300792661123,1.072899395534595,15,399,32,Normal,Excess,Deficient,0,1,1,0
58,F,161,80,30.86,High,Good,36,13,801,2.69485782295742,1.4442820999686503,18,431,67,Excess,Normal,Normal,0,0,1,0
53,M,179,76,23.72,Moderate,Poor,49,19,530,1.2644267301723764,2.0546325885969527,9,381,97,Excess,Excess,Deficient,1,1,0,0
50,F,150,54,24.0,Low,Good,20,21,997,2.240996570749621,0.3666827037525004,18,195,73,Normal,Excess,Normal,0,0,0,0
21,M,154,74,31.2,High,Poor,9,18,748,3.250482498863803,2.4876996523966746,8,195,92,Deficient,Normal,Deficient,0,1,1,0
50,F,169,52,18.21,High,Average,8,22,1104,3.080202560287132,1.7487611130772749,10,163,71,Deficient,Excess,Normal,0,1,0,0
31,M,157,82,33.27,Moderate,Average,25,6,1276,3.971928211516537,1.0511864050858195,6,234,93,Normal,Deficient,Excess,1,0,1,0
38,M,161,53,20.45,Moderate,Poor,44,8,770,1.833673377963268,0.466341560289667,7,152,83,Excess,Deficient,Deficient,1,1,0,0
65,F,150,74,32.89,Low,Average,18,22,1105,2.4945678975219376,0.7387457217809918,5,177,66,Normal,Excess,Normal,0,0,1,1
37,F,169,69,24.16,High,Average,43,11,1165,1.9885912413219904,2.7165914189042795,6,306,33,Excess,Normal,Normal,0,0,0,0
25,M,177,83,26.49,Low,Poor,35,17,893,2.321809342177524,2.1522654046269056,6,324,31,Excess,Normal,Normal,0,0,0,0
24,F,186,75,21.68,Low,Average,18,19,1296,3.5708503896081645,0.9747346484196028,12,263,73,Normal,Excess,Excess,0,0,0,0
20,M,186,54,15.61,Moderate,Good,10,5,1001,3.05262722556546,0.4771220653515797,12,399,96,Deficient,Deficient,Normal,1,1,0,0
34,M,161,84,32.41,High,Good,16,15,1091,3.647323574042745,2.164661343443918,6,208,97,Normal,Normal,Normal,0,0,1,0
50,M,186,77,22.26,High,Poor,20,14,583,1.6105333249956597,1.8455008601129657,17,352,91,Normal,Normal,Deficient,0,1,0,0
65,F,177,78,24.9,High,Average,21,9,864,3.620083353524314,1.3922027160372348,18,388,30,Normal,Deficient,Normal,1,0,0,0
29,M,164,58,21.56,Moderate,Good,49,20,1048,1.1792868225351532,1.2817509128131723,10,383,46,Excess,Excess,Normal,1,0,0,0
68,M,155,87,36.21,Moderate,Good,27,15,841,3.665797841311458,0.8853985450085924,19,244,45,Normal,Normal,Normal,0,0,1,1
39,F,169,99,34.66,Moderate,Average,18,10,906,1.987221338382184,2.107950392651297,9,290,38,Normal,Normal,Normal,0,0,1,0
39,F,163,55,20.7,Moderate,Average,11,13,924,1.9437629002421997,2.9208036750434503,7,262,82,Deficient,Normal,Normal,0,1,0,0
63,F,151,68,29.82,Moderate,Good,36,17,1243,2.536265730095992,0.7744311637594299,9,258,88,Excess,Normal,Excess,0,0,1,1
47,F,158,93,37.25,High,Good,19,12,592,3.822070563169696,1.9122148740418592,9,438,38,Normal,Normal,Deficient,0,1,1,0
55,M,186,60,17.34,Low,Poor,48,18,1113,1.143344094044216,1.4452996505141358,9,246,41,Excess,Normal,Normal,1,0,0,0
55,M,169,51,17.86,High,Poor,21,5,911,2.056692925212236,1.5060595487105954,7,165,70,Normal,Deficient,Normal,1,0,0,0
62,M,175,96,31.35,Low,Good,45,21,931,3.569715966050007,0.9861976563450988,19,193,44,Excess,Excess,Normal,0,0,1,1
68,M,178,93,29.35,Moderate,Poor,48,9,1177,2.1881634323064003,2.5278641642858317,7,379,95,Excess,Deficient,Normal,1,0,1,0
25,F,150,93,41.33,Low,Good,38,6,658,1.597470692791201,1.610190131197551,8,257,40,Excess,Deficient,Deficient,1,1,1,0
44,M,184,58,17.13,High,Good,9,13,513,2.274382543994236,1.7671958009353133,11,366,37,Deficient,Normal,Deficient,0,1,0,0
44,M,155,70,29.14,High,Poor,49,8,872,2.156657504475008,1.1228544645527796,16,409,84,Excess,Deficient,Normal,1,0,1,0
51,F,186,73,21.1,Low,Poor,31,21,724,3.7462486044001104,0.7908828573007644,16,345,35,Excess,Excess,Deficient,0,1,0,0
38,M,154,83,35.0,Moderate,Average,27,21,1004,3.285803127229291,0.5319580481476154,16,244,82,Normal,Excess,Normal,0,0,1,1
47,M,182,71,21.43,Moderate,Average,44,22,572,2.515346667232019,2.228121680497273,18,205,49,Excess,Excess,Deficient,0,1,0,0
50,M,163,52,19.57,High,Average,18,20,748,3.965111700164713,0.8298325605572101,6,181,68,Normal,Excess,Deficient,0,1,0,0
45,M,161,61,23.53,Low,Good,19,12,1010,2.39583259382777,2.1632034563097537,14,380,63,Normal,Normal,Normal,0,0,0,0
64,M,169,77,26.96,Moderate,Poor,47,15,1102,1.1747134924608256,1.3540164043267755,8,158,86,Excess,Normal,Normal,1,0,0,0
50,M,173,79,26.4,Moderate,Good,37,22,715,1.7868229654449546,1.4225919626720591,8,340,48,Excess,Excess,Deficient,0,1,0,0
22,F,183,75,22.4,High,Poor,35,14,1101,2.3082114406579377,1.5667792394504838,5,349,60,Excess,Normal,Normal,0,0,0,0
65,F,174,97,32.04,Moderate,Good,39,17,1040,1.4707078724383602,1.2928129719443666,14,310,69,Excess,Normal,Normal,1,0,1,0
36,M,178,70,22.09,Low,Average,21,21,719,3.842695378972129,0.5716739385009932,12,236,43,Normal,Excess,Deficient,0,1,0,0
21,M,188,77,21.79,High,Average,32,22,1226,3.3005466934533194,1.1360058870076837,5,170,66,Excess,Excess,Excess,0,0,0,0
52,F,180,75,23.15,High,Average,23,14,720,1.804861601283318,2.0920827738736336,12,225,73,Normal,Normal,Deficient,0,1,0,0
66,M,172,82,27.72,Low,Good,27,20,888,2.7724136005537474,2.097617883965952,11,290,38,Normal,Excess,Normal,0,0,1,0
34,M,187,70,20.02,High,Poor,36,24,1053,3.164347471328716,1.0728056295479849,13,275,87,Excess,Excess,Normal,0,0,0,0
61,M,169,84,29.41,Moderate,Poor,44,9,1146,3.8238367867203937,1.5422770917057576,12,400,49,Excess,Deficient,Normal,1,0,1,0
45,F,172,83,28.06,Moderate,Average,17,17,541,3.644906047526232,0.8223075156322313,9,233,79,Normal,Normal,Deficient,0,1,1,1
47,M,165,90,33.06,Low,Average,24,22,1175,2.545576678414641,0.8680046201305567,12,197,49,Normal,Excess,Normal,0,0,1,1
46,F,157,96,38.95,Moderate,Average,39,21,782,3.323957859379053,0.36222713869784,18,227,65,Excess,Excess,Deficient,0,1,1,1
63,M,170,67,23.18,Low,Average,9,13,557,2.6864342614827548,2.7212156847509106,19,179,56,Deficient,Normal,Deficient,0,1,0,0
23,F,150,60,26.67,Low,Poor,13,18,1036,2.6581116701366203,0.8689079957022467,15,434,61,Deficient,Normal,Normal,0,1,0,0
52,F,157,72,29.21,Moderate,Good,33,21,572,1.3442258750145757,0.9143414677284508,14,285,30,Excess,Excess,Deficient,1,1,1,1
58,M,178,97,30.61,Low,Good,10,8,628,1.378412974048456,1.054923868141856,16,289,46,Deficient,Deficient,Deficient,1,1,1,0
54,F,181,71,21.67,Moderate,Good,29,22,1098,2.588600845067372,0.6440017935776583,19,190,38,Normal,Excess,Normal,0,0,0,0
41,M,187,66,18.87,High,Good,35,24,925,1.80658463493702,2.02600978458968,16,431,74,Excess,Excess,Normal,0,0,0,0
46,F,154,54,22.77,High,Average,26,19,1164,1.063110707381406,0.5028859735794837,7,199,95,Normal,Excess,Normal,1,0,0,0
66,M,171,93,31.8,Low,Average,6,15,1193,3.168517611700637,0.6623465510811457,19,407,61,Deficient,Normal,Normal,0,1,1,1
63,M,183,60,17.92,Moderate,Average,49,16,624,1.097459790070495,2.040843161793251,14,419,74,Excess,Normal,Deficient,1,1,0,0
48,F,150,79,35.11,Moderate,Good,9,13,566,2.785830523312164,1.2170836752998957,11,283,38,Deficient,Normal,Deficient,0,1,1,0
52,M,175,64,20.9,High,Average,31,17,505,2.617581382381944,2.2114591320932107,16,383,59,Excess,Normal,Deficient,0,1,0,0
50,M,159,76,30.06,High,Average,29,19,1136,3.9064440717334135,1.8050468106093835,8,277,67,Normal,Excess,Normal,0,0,1,0
69,F,179,84,26.22,Moderate,Poor,12,19,813,2.452639418042925,0.9912571672660851,9,253,89,Deficient,Excess,Normal,0,1,0,0
38,M,167,82,29.4,Low,Poor,5,9,825,1.1908043091333922,2.057235466321186,13,403,30,Deficient,Deficient,Normal,1,1,1,0
49,M,166,69,25.04,High,Average,24,23,1064,2.655063903419385,0.6139389367907777,11,244,34,Normal,Excess,Normal,0,0,0,0
40,F,175,65,21.22,Low,Poor,48,24,1077,3.523288511848304,1.7483080343160822,8,366,92,Excess,Excess,Normal,0,0,0,0
50,F,157,83,33.67,Low,Poor,27,18,1005,3.99054785284432,1.4802998836215937,10,210,65,Normal,Normal,Normal,0,0,1,0
20,M,189,51,14.28,High,Average,36,21,581,2.2910295210672174,1.02325867360709,14,417,94,Excess,Excess,Deficient,0,1,0,0
35,M,161,84,32.41,Low,Average,15,22,1098,1.9608962274902275,1.9308134938966504,18,390,53,Normal,Excess,Normal,0,0,1,0
42,F,176,89,28.73,Low,Average,43,7,501,3.7199598908559968,2.652600699318763,15,162,33,Excess,Deficient,Deficient,1,1,1,0
59,F,157,77,31.24,Moderate,Average,28,6,703,1.5737263872283642,2.997042689360307,11,296,97,Normal,Deficient,Deficient,1,1,1,0
48,M,174,96,31.71,Low,Good,15,5,1161,2.84628674509878,1.9409594756072464,17,389,54,Normal,Deficient,Normal,1,0,1,0
20,F,153,88,37.59,Moderate,Good,33,14,903,2.217143272542843,1.3927058606887597,14,238,36,Excess,Normal,Normal,0,0,1,0
57,M,182,55,16.6,High,Average,30,23,602,1.1232470948666655,0.9080591705837444,17,244,42,Normal,Excess,Deficient,1,1,0,0
63,M,150,58,25.78,High,Poor,20,21,1035,2.0418654229170934,0.9941594413668018,13,442,97,Normal,Excess,Normal,0,0,0,0
41,M,168,69,24.45,Moderate,Average,39,16,867,1.795685567508024,1.5945284410043674,8,174,72,Excess,Normal,Normal,0,0,0,0
67,M,180,50,15.43,High,Average,24,5,711,3.058273461830461,1.291649793457915,14,421,86,Normal,Deficient,Deficient,1,1,0,0
49,M,165,57,20.94,Low,Poor,7,16,1076,3.8463714930757535,2.7672992110873493,7,315,65,Deficient,Normal,Normal,0,1,0,0
64,F,163,72,27.1,Low,Good,5,21,708,1.8041415621359131,1.2943977626704155,12,399,43,Deficient,Excess,Deficient,0,1,1,0
39,F,154,52,21.93,Low,Average,5,7,1262,3.434397817455045,1.308300396092676,19,236,56,Deficient,Deficient,Excess,1,1,0,0
40,F,175,53,17.31,High,Average,21,15,616,1.1660794508152286,1.335543183571738,5,291,66,Normal,Normal,Deficient,1,1,0,0
19,F,177,74,23.62,Low,Good,6,21,1127,2.6143630301194394,2.5588745679926768,13,283,54,Deficient,Excess,Normal,0,1,0,0
44,M,151,96,42.1,High,Good,33,7,1248,1.2116501911296838,2.057128466286635,17,428,96,Excess,Deficient,Excess,1,0,1,0
59,M,155,87,36.21,Low,Poor,24,12,977,3.802098973391918,1.9582558958610103,5,275,33,Normal,Normal,Normal,0,0,1,0
19,M,158,64,25.64,Moderate,Good,10,24,604,3.299053841672171,1.202186160436428,6,290,45,Deficient,Excess,Deficient,0,1,0,0
43,M,182,70,21.13,High,Good,12,8,994,2.973849733613777,2.5083412774475864,17,252,48,Deficient,Deficient,Normal,1,1,0,0
34,F,174,84,27.74,High,Good,33,11,1270,3.471689144873993,0.403582425660393,12,375,58,Excess,Normal,Excess,0,0,1,1
57,M,162,95,36.2,Low,Poor,37,18,545,2.9425593867104896,2.651152365312905,13,212,80,Excess,Normal,Deficient,0,1,1,0
50,M,158,63,25.24,High,Good,7,18,830,3.906833191522873,1.68442472944361,11,443,47,Deficient,Normal,Normal,0,1,0,0
26,F,162,85,32.39,High,Good,39,8,715,3.1418738435943148,1.375275634131215,7,403,87,Excess,Deficient,Deficient,1,1,1,0
60,F,180,61,18.83,Moderate,Poor,9,20,991,3.77397582874674,1.6423516579377515,11,329,73,Deficient,Excess,Normal,0,1,0,0
65,F,160,66,25.78,Moderate,Good,31,5,948,2.5513956760319143,2.102021932441344,10,189,45,Excess,Deficient,Normal,1,0,0,0
56,F,153,88,37.59,Low,Good,48,21,1035,1.351193238945588,0.3344666515983229,6,413,94,Excess,Excess,Normal,1,0,1,1
46,M,183,58,17.32,Moderate,Poor,16,14,1010,2.584533164269051,2.653190012437269,7,338,31,Normal,Normal,Normal,0,0,0,0
59,M,187,84,24.02,Low,Average,24,20,957,1.38061848418928,1.5061967183407607,15,157,85,Normal,Excess,Normal,1,0,0,0
43,F,153,62,26.49,Low,Poor,49,20,1046,2.7774804375292157,1.2260096031902112,17,253,57,Excess,Excess,Normal,0,0,0,0
52,M,187,64,18.3,Low,Good,24,12,1035,2.447479181582989,0.6732630272119542,16,374,94,Normal,Normal,Normal,0,0,0,0
67,M,168,67,23.74,High,Good,13,11,1039,2.867726193498345,1.4865565107677938,17,183,34,Deficient,Normal,Normal,0,1,0,0
42,M,155,82,34.13,Moderate,Good,43,10,983,1.0301409431644948,1.640071482467823,14,385,51,Excess,Normal,Normal,1,0,1,0
41,F,183,55,16.42,Low,Poor,8,20,515,1.5845214749660923,1.3898460751323902,14,377,42,Deficient,Excess,Deficient,0,1,0,0
30,M,167,76,27.25,Moderate,Good,23,24,1070,2.4739912957363925,2.132382253332622,17,337,94,Normal,Excess,Normal,0,0,1,0
24,F,162,72,27.43,Low,Good,42,20,742,3.8515106847674048,1.4364206276499103,16,171,45,Excess,Excess,Deficient,0,1,1,0
53,M,172,76,25.69,Moderate,Poor,31,11,706,2.1508271210654755,2.895827460185748,19,189,93,Excess,Normal,Deficient,0,1,0,0
62,M,168,83,29.41,Moderate,Average,49,13,770,2.273116078160904,1.918049298123698,9,322,61,Excess,Normal,Deficient,0,1,1,0
37,M,160,95,37.11,Low,Average,47,18,1260,3.1440882670198667,2.480190426260154,14,328,80,Excess,Normal,Excess,0,0,1,0
18,F,150,87,38.67,High,Good,17,15,1278,2.811378271858354,0.5952609383955929,8,235,87,Normal,Normal,Excess,0,0,1,1
25,M,173,63,21.05,Moderate,Poor,17,18,1204,1.896778450295,1.3726864909539456,6,282,75,Normal,Normal,Excess,0,0,0,0
63,F,156,85,34.93,High,Good,26,11,1229,2.2324491867022838,1.2094887939073125,8,162,81,Normal,Normal,Excess,0,0,1,0
33,F,174,57,18.83,High,Poor,32,5,614,1.6530993965716974,1.837602447968798,16,177,92,Excess,Deficient,Deficient,1,1,0,0
31,F,170,84,29.07,Low,Poor,49,17,1079,3.8980643773906256,2.625006504165849,12,233,89,Excess,Normal,Normal,0,0,1,0
29,M,164,68,25.28,Low,Average,26,24,798,1.391903144672079,0.511513187957418,9,429,94,Normal,Excess,Deficient,1,1,0,0
68,M,150,79,35.11,Low,Average,47,7,982,2.1155103536992583,0.4959519547207191,9,412,84,Excess,Deficient,Normal,1,0,1,1
40,M,161,63,24.3,Moderate,Poor,23,24,896,1.0775169166600336,2.595857812025517,17,315,86,Normal,Excess,Normal,1,0,0,0
32,M,156,69,28.35,Low,Good,12,8,893,1.665338475800639,0.874695232303565,16,442,55,Deficient,Deficient,Normal,1,1,1,1
45,F,164,98,36.44,Low,Average,12,15,574,3.341413415140465,2.105633787014497,16,217,41,Deficient,Normal,Deficient,0,1,1,0
51,F,170,74,25.61,Moderate,Good,46,6,981,1.6035256968666385,1.7657709573741742,14,375,75,Excess,Deficient,Normal,1,0,0,0
19,F,168,89,31.53,Moderate,Average,30,18,602,1.240190207586897,2.54881270619552,7,319,76,Normal,Normal,Deficient,1,1,1,0
49,M,178,73,23.04,Low,Average,30,16,796,2.42335953953357,0.6377400565582896,17,235,67,Normal,Normal,Deficient,0,1,0,0
40,F,174,63,20.81,Low,Good,27,21,677,1.0299077042035556,0.6504140074510505,12,282,50,Normal,Excess,Deficient,1,1,0,0
39,M,182,75,22.64,Low,Average,47,16,714,1.2542984632789995,1.8034095727514303,10,327,43,Excess,Normal,Deficient,1,1,0,0
68,F,181,87,26.56,Low,Average,17,16,814,3.422877608688925,2.8552223640676013,6,401,31,Normal,Normal,Normal,0,0,0,0
42,M,184,72,21.27,High,Good,32,5,538,3.314420034578819,1.4204939476010363,6,164,99,Excess,Deficient,Deficient,1,1,0,0
39,M,187,71,20.3,High,Average,13,17,758,3.745416461214688,1.1827436706876764,13,372,62,Deficient,Normal,Deficient,0,1,0,0
39,F,175,97,31.67,Low,Average,24,18,1215,3.5635463077322487,1.938061172634292,17,350,35,Normal,Normal,Excess,0,0,1,0
66,F,160,68,26.56,High,Average,23,6,506,3.049526689719454,2.812211221471584,11,256,66,Normal,Deficient,Deficient,1,1,0,0
69,F,184,95,28.06,Moderate,Good,43,16,548,1.1569985719019886,2.559705148680484,14,399,43,Excess,Normal,Deficient,1,1,1,0
59,F,157,52,21.1,High,Poor,16,20,1037,3.3485458539599726,2.9878057489796936,13,238,66,Normal,Excess,Normal,0,0,0,0
23,M,163,91,34.25,High,Good,19,8,660,3.5365324325216814,0.3609351746464181,18,274,37,Normal,Deficient,Deficient,1,1,1,1
32,F,159,68,26.9,Low,Poor,35,12,675,3.3972464373158635,0.6047169907244581,10,262,42,Excess,Normal,Deficient,0,1,0,0
60,F,151,58,25.44,High,Average,18,6,1090,2.525437105924078,1.9455629610898797,19,286,69,Normal,Deficient,Normal,1,0,0,0
54,F,158,77,30.84,High,Poor,15,14,501,1.698705515948445,2.515556386201394,9,396,87,Normal,Normal,Deficient,0,1,1,0
50,M,152,69,29.86,High,Good,30,13,954,3.53598992706618,1.0701597242282697,16,315,47,Normal,Normal,Normal,0,0,1,0
25,M,170,94,32.53,High,Good,46,19,1143,3.1814884292204155,0.9458699376923908,5,299,86,Excess,Excess,Normal,0,0,1,1
61,F,175,56,18.29,Moderate,Average,31,17,775,3.9422835231665543,2.4248346583292424,16,217,67,Excess,Normal,Deficient,0,1,0,0
61,M,157,63,25.56,Low,Poor,15,21,997,1.4670777932677987,0.4522310054037253,10,370,61,Normal,Excess,Normal,1,0,0,0
22,F,151,58,25.44,Low,Average,42,20,1128,1.676993749156165,1.2973331484729798,10,420,95,Excess,Excess,Normal,0,0,0,0
56,M,155,68,28.3,Moderate,Average,38,6,1175,1.635394449644508,1.6656849009992905,7,169,54,Excess,Deficient,Normal,1,0,1,0
21,M,177,96,30.64,High,Good,47,24,1299,3.37761930286401,1.8129414207458732,7,438,87,Excess,Excess,Excess,0,0,1,0
23,M,178,63,19.88,Moderate,Poor,23,24,527,1.5607218893503545,2.2672609233404977,19,249,62,Normal,Excess,Deficient,0,1,0,0
62,M,175,87,28.41,High,Poor,10,18,832,1.1999794894699185,1.2580834532627774,7,401,95,Deficient,Normal,Normal,1,1,1,0
49,F,174,85,28.08,Moderate,Poor,42,7,500,3.9956824197568857,1.95424773062144,7,226,59,Excess,Deficient,Deficient,1,1,1,0
69,F,161,89,34.34,Low,Poor,46,16,687,1.0744516343354475,1.8805136415355823,11,284,63,Excess,Normal,Deficient,1,1,1,0
47,F,154,66,27.83,Low,Average,32,12,555,3.505732180476597,1.7785634717651173,14,322,98,Excess,Normal,Deficient,0,1,1,0
64,M,183,79,23.59,Low,Average,5,6,1046,2.096100524651958,2.029304891483973,15,350,77,Deficient,Deficient,Normal,1,1,0,0
52,F,186,58,16.76,High,Good,39,8,611,3.5248463792734457,1.000512761883806,6,366,69,Excess,Deficient,Deficient,1,1,0,0
57,F,164,82,30.49,High,Average,44,18,1297,2.663861473633435,0.5285516346784982,14,357,80,Excess,Normal,Excess,0,0,1,1
69,F,185,74,21.62,Moderate,Average,12,20,809,3.70489368845908,0.6220335145073073,17,223,42,Deficient,Excess,Normal,0,1,0,0
33,M,164,63,23.42,Moderate,Good,11,23,535,3.77857895924388,0.906372433165533,14,160,60,Deficient,Excess,Deficient,0,1,0,0
30,M,172,60,20.28,Low,Good,15,6,938,1.027294543842328,1.6505344259115202,6,436,68,Normal,Deficient,Normal,1,0,0,0
67,M,155,84,34.96,High,Good,43,16,1228,1.226236527978365,2.5691954264742543,7,405,92,Excess,Normal,Excess,1,0,1,0
59,F,170,90,31.14,Moderate,Average,8,18,1091,1.7510761887125663,2.1934920236386373,14,161,77,Deficient,Normal,Normal,0,1,1,0
47,F,172,63,21.3,High,Average,29,10,1094,3.007946249090505,2.430409631345527,16,227,77,Normal,Normal,Normal,0,0,0,0
36,F,165,79,29.02,High,Good,16,17,1076,3.664816589534518,1.2476341846004468,11,321,90,Normal,Normal,Normal,0,0,1,0
34,M,164,90,33.46,Low,Good,30,8,824,2.379825853881888,1.3925651024510857,7,245,41,Normal,Deficient,Normal,1,0,1,0
36,M,174,53,17.51,Low,Good,42,22,1139,2.8209193488227964,1.3629410921746548,11,422,85,Excess,Excess,Normal,0,0,0,0
45,F,185,53,15.49,High,Average,16,16,806,1.5654995583866835,0.818057597892154,13,328,47,Normal,Normal,Normal,0,0,0,0
43,M,160,77,30.08,High,Average,47,24,1033,3.414900501645056,0.4652849769876445,15,213,56,Excess,Excess,Normal,0,0,1,1
54,M,164,57,21.19,High,Poor,41,23,1227,3.901984334060409,1.8954734506335125,14,281,57,Excess,Excess,Excess,0,0,0,0
43,M,153,51,21.79,High,Average,28,12,1118,1.8057967987437924,2.9708850452355824,16,421,81,Normal,Normal,Normal,0,0,0,0
40,M,170,90,31.14,Low,Average,20,11,608,2.484477854801639,0.7504402033657096,19,258,45,Normal,Normal,Deficient,0,1,1,1
26,F,162,95,36.2,Moderate,Average,17,20,871,1.2583483315191213,0.4260490137280391,15,422,87,Normal,Excess,Normal,1,0,1,1
29,M,171,71,24.28,Low,Good,29,23,856,2.677409969388905,2.404735540924619,8,317,38,Normal,Excess,Normal,0,0,0,0
18,M,168,90,31.89,Moderate,Average,8,10,680,2.5083503255400417,0.9819822180487554,11,329,55,Deficient,Normal,Deficient,0,1,1,1
18,M,183,65,19.41,High,Good,15,24,855,1.4333094524652328,2.540038274452906,13,207,57,Normal,Excess,Normal,1,0,0,0
64,M,163,78,29.36,Moderate,Poor,36,15,1175,2.3261986393542253,2.2006290009931915,18,228,65,Excess,Normal,Normal,0,0,1,0
51,F,153,98,41.86,Low,Poor,11,9,567,2.0023139562596897,2.8533185500371725,12,210,38,Deficient,Deficient,Deficient,1,1,1,0
49,F,176,97,31.31,Low,Good,15,20,791,2.565492625915568,1.4041035365430146,12,270,76,Normal,Excess,Deficient,0,1,1,0
65,M,178,79,24.93,High,Good,32,11,1191,2.756963006286397,2.0873185665167124,13,356,80,Excess,Normal,Normal,0,0,0,0
42,M,177,61,19.47,Low,Good,45,9,680,1.0254867358216284,1.555107908195831,18,183,86,Excess,Deficient,Deficient,1,1,0,0
57,M,184,84,24.81,High,Average,27,15,965,3.283017948848666,2.002589482733068,9,219,61,Normal,Normal,Normal,0,0,0,0
62,M,157,60,24.34,Low,Poor,49,19,933,3.1390428755852224,1.5139170462208908,18,166,96,Excess,Excess,Normal,0,0,0,0
18,M,165,95,34.89,Low,Good,27,7,963,2.0988591586195664,0.8093070653450021,9,169,86,Normal,Deficient,Normal,1,0,1,1
33,M,185,99,28.93,High,Average,32,9,1180,1.158807806706455,1.6713230232091285,7,218,83,Excess,Deficient,Normal,1,0,1,0
56,F,179,70,21.85,Moderate,Poor,47,9,1033,3.264797619355151,1.7271773438810945,9,364,45,Excess,Deficient,Normal,1,0,0,0
22,M,167,70,25.1,Low,Average,30,13,565,3.865525481434397,2.488630390302435,12,310,91,Normal,Normal,Deficient,0,1,0,0
39,F,151,54,23.68,Moderate,Poor,29,19,520,1.7204547880660426,2.2859059056426694,16,251,85,Normal,Excess,Deficient,0,1,0,0
46,F,162,97,36.96,Low,Average,33,7,1111,1.9705738412111136,2.092237384641899,9,355,52,Excess,Deficient,Normal,1,0,1,0
20,M,153,69,29.48,Low,Poor,23,10,883,1.5514386684454449,0.6061451579919459,8,294,46,Normal,Normal,Normal,0,0,1,1
29,F,175,86,28.08,Low,Poor,37,21,1114,2.730808370034519,2.2456639847920306,12,206,67,Excess,Excess,Normal,0,0,1,0
43,F,174,52,17.18,Low,Average,40,12,1058,1.4645241839423648,1.65082392215719,11,232,59,Excess,Normal,Normal,1,0,0,0
33,F,179,93,29.03,Moderate,Good,18,15,538,2.0685818303841383,2.71406874748663,19,418,87,Normal,Normal,Deficient,0,1,1,0
68,F,160,82,32.03,Moderate,Poor,18,10,784,3.091039041802789,2.7836515221524656,18,336,51,Normal,Normal,Deficient,0,1,1,0
54,F,156,58,23.83,Low,Good,39,12,1101,2.6803479490280453,0.4489227946248207,18,155,46,Excess,Normal,Normal,0,0,0,0
39,F,180,58,17.9,Low,Average,34,14,1096,2.1593876929838056,2.5157322129570927,10,259,44,Excess,Normal,Normal,0,0,0,0
46,M,159,53,20.96,Moderate,Good,32,7,1284,2.260748805422626,0.4017829541412107,9,287,77,Excess,Deficient,Excess,1,0,0,0
31,F,188,84,23.77,High,Good,21,18,835,2.6863326478696887,1.2913579893765612,18,200,61,Normal,Normal,Normal,0,0,0,0
45,F,162,66,25.15,High,Good,7,18,687,1.017594183661484,1.7642099341769135,9,200,69,Deficient,Normal,Deficient,1,1,0,0
22,F,180,83,25.62,Moderate,Good,20,14,1170,1.2355296053608296,0.6998721562932442,17,236,86,Normal,Normal,Normal,1,0,0,0
64,M,156,73,30.0,Low,Good,34,16,742,3.643774203289035,2.3150472939365074,14,217,87,Excess,Normal,Deficient,0,1,1,0
66,F,185,81,23.67,Low,Poor,33,10,572,1.2336369672738725,0.3225577012647741,6,233,45,Excess,Normal,Deficient,1,1,0,0
47,M,169,50,17.51,High,Poor,49,16,978,3.1204107886315158,0.7552174307718995,17,191,57,Excess,Normal,Normal,0,0,0,0
63,F,153,57,24.35,High,Poor,19,18,1060,3.760114492327158,1.8681514406043844,19,368,30,Normal,Normal,Normal,0,0,0,0
69,M,156,94,38.63,Moderate,Average,29,6,600,1.812050812905193,2.228846417500689,8,206,70,Normal,Deficient,Deficient,1,1,1,0
22,M,150,72,32.0,High,Good,42,13,1013,2.111474311178543,2.7749363772735736,12,375,77,Excess,Normal,Normal,0,0,1,0
29,F,162,96,36.58,Moderate,Poor,46,14,1255,2.7067642175341486,2.2048409602234846,12,345,60,Excess,Normal,Excess,0,0,1,0
33,F,171,89,30.44,High,Average,42,21,675,3.645126908915754,2.113804029688138,15,397,65,Excess,Excess,Deficient,0,1,1,0
43,M,170,61,21.11,High,Poor,27,21,737,3.8257167617812606,1.364721095146794,5,315,62,Normal,Excess,Deficient,0,1,0,0
43,F,171,61,20.86,High,Poor,29,7,558,3.2186897443338043,0.3034679489223638,6,211,62,Normal,Deficient,Deficient,1,1,0,0
65,M,177,95,30.32,Low,Good,46,23,598,1.259859282564082,0.6244299985861792,9,412,52,Excess,Excess,Deficient,1,1,1,1
38,M,158,96,38.46,Low,Average,11,5,994,3.0074624666045526,1.743297270841306,13,261,89,Deficient,Deficient,Normal,1,1,1,0
56,M,175,64,20.9,Low,Good,26,16,1013,2.2309111656179863,2.122850691779933,14,402,59,Normal,Normal,Normal,0,0,0,0
53,M,158,90,36.05,High,Good,21,11,1254,2.412102998473185,1.4271103665204488,15,348,74,Normal,Normal,Excess,0,0,1,0
50,M,164,68,25.28,Moderate,Poor,22,8,796,1.1474451710355311,2.272833331126653,16,327,68,Normal,Deficient,Deficient,1,1,0,0
47,F,159,75,29.67,Moderate,Good,45,14,710,1.5731864180390749,1.7090281973968828,17,175,74,Excess,Normal,Deficient,0,1,1,0
54,M,173,78,26.06,Moderate,Average,14,17,622,3.371540822600944,0.5002757281046429,15,395,41,Deficient,Normal,Deficient,0,1,0,0
40,M,157,71,28.8,Moderate,Good,14,6,728,2.3618764991435794,0.8184438776134619,11,168,61,Deficient,Deficient,Deficient,1,1,1,1
27,F,173,89,29.74,Low,Good,11,14,1093,1.904986724893447,2.5679952027586457,14,414,85,Deficient,Normal,Normal,0,1,1,0
22,M,165,70,25.71,Low,Good,42,8,1155,2.1520572218948746,2.2572644158859867,9,169,53,Excess,Deficient,Normal,1,0,0,0
53,F,175,87,28.41,High,Poor,31,22,887,3.5631985399770407,2.7158573649337363,5,255,42,Excess,Excess,Normal,0,0,1,0
51,F,176,69,22.28,High,Average,37,9,639,3.2469970522148706,0.6174045726265287,19,386,49,Excess,Deficient,Deficient,1,1,0,0
69,F,186,78,22.55,Moderate,Poor,5,23,1040,1.8169461915432483,2.9736008434607,19,395,85,Deficient,Excess,Normal,0,1,0,0
48,M,153,53,22.64,Low,Poor,48,6,890,1.35250552063712,0.8653981276648208,10,230,82,Excess,Deficient,Normal,1,0,0,0
27,M,173,56,18.71,Moderate,Poor,38,16,769,1.7559946649322151,0.3318056659739334,16,299,97,Excess,Normal,Deficient,0,1,0,0
36,M,168,77,27.28,High,Poor,8,21,1258,3.762269353164201,2.9930419354445963,12,159,83,Deficient,Excess,Excess,0,1,1,0
49,F,185,77,22.5,High,Poor,21,14,511,2.744766513549266,1.0588994907018054,11,373,63,Normal,Normal,Deficient,0,1,0,0
18,M,188,53,15.0,Moderate,Average,8,6,888,2.6004406262343487,2.103652521783912,6,413,57,Deficient,Deficient,Normal,1,1,0,0
22,F,159,71,28.08,High,Good,47,10,836,2.7891807990773847,0.7770422482760241,16,298,79,Excess,Normal,Normal,0,0,1,1
62,M,174,61,20.15,Moderate,Poor,30,12,1005,2.0980847972395456,1.8666170369376829,9,427,31,Normal,Normal,Normal,0,0,0,0
21,F,167,94,33.71,Low,Poor,8,23,605,3.4213210609585385,2.74089446342731,18,423,55,Deficient,Excess,Deficient,0,1,1,0
33,M,168,52,18.42,Moderate,Average,5,15,531,2.5698587479007493,1.1644891520567844,15,343,80,Deficient,Normal,Deficient,0,1,0,0
41,M,185,71,20.75,Low,Average,11,16,573,1.3502437083063867,2.1096857353197698,8,321,76,Deficient,Normal,Deficient,1,1,0,0
33,M,159,93,36.79,Low,Good,34,13,670,1.387195374487189,0.8073396897557246,13,414,55,Excess,Normal,Deficient,1,1,1,1
19,F,182,51,15.4,High,Average,13,6,568,2.610577439507855,1.9869475765405584,14,175,90,Deficient,Deficient,Deficient,1,1,0,0
66,F,154,73,30.78,High,Good,39,12,861,3.809710654212517,1.2084159499072775,5,175,52,Excess,Normal,Normal,0,0,1,0
45,M,184,83,24.52,High,Poor,12,15,1148,1.9250563650285963,0.8702622981874695,16,183,66,Deficient,Normal,Normal,0,1,0,0
49,M,183,76,22.69,Moderate,Poor,28,8,932,3.608623506577655,1.1455915368998149,10,413,70,Normal,Deficient,Normal,1,0,0,0
44,F,182,90,27.17,Moderate,Good,23,14,599,3.292286759736638,0.7828708849710583,7,287,81,Normal,Normal,Deficient,0,1,1,1
37,F,170,50,17.3,High,Average,40,24,1157,1.7434373287207203,2.735173491162284,15,332,78,Excess,Excess,Normal,0,0,0,0
41,F,166,57,20.69,Moderate,Good,47,20,508,1.1090222449487277,1.372404593056248,13,391,56,Excess,Excess,Deficient,1,1,0,0
29,M,171,72,24.62,High,Average,31,12,1073,1.3055417954271482,0.9622541234307918,9,203,35,Excess,Normal,Normal,1,0,0,0
67,F,186,87,25.15,Moderate,Poor,36,8,1196,3.1854818015423207,1.510701170743019,17,317,95,Excess,Deficient,Normal,1,0,0,0
52,M,164,55,20.45,Low,Average,18,14,528,1.59900921412194,1.165447650377538,10,268,53,Normal,Normal,Deficient,0,1,0,0
50,F,184,71,20.97,Low,Good,22,16,613,2.113812761516181,2.30993198529598,15,292,67,Normal,Normal,Deficient,0,1,0,0
50,M,177,74,23.62,High,Good,32,18,961,2.5050974980192744,2.9222937620908347,13,230,57,Excess,Normal,Normal,0,0,0,0
68,F,156,67,27.53,Moderate,Poor,33,20,642,3.1764045053504883,1.4826908730836466,13,394,57,Excess,Excess,Deficient,0,1,1,0
60,F,181,66,20.15,Moderate,Average,20,22,889,1.3396936697773765,2.624790179925049,12,211,95,Normal,Excess,Normal,1,0,0,0
54,F,160,61,23.83,Low,Average,39,16,1131,2.2190992158323843,1.827830298610973,13,195,90,Excess,Normal,Normal,0,0,0,0
29,F,159,55,21.76,Low,Average,35,22,1181,2.455218727428086,0.7245362957544303,8,236,75,Excess,Excess,Normal,0,0,0,0
20,F,158,75,30.04,High,Poor,8,11,656,2.622481191914619,2.1646814036196225,10,248,98,Deficient,Normal,Deficient,0,1,1,0
18,M,163,76,28.6,Low,Average,41,24,834,3.45508192418565,1.6862731422397144,9,444,72,Excess,Excess,Normal,0,0,1,0
50,F,162,57,21.72,High,Good,21,11,759,1.5150345851296507,2.05663761278068,9,202,88,Normal,Normal,Deficient,0,1,0,0
57,F,174,68,22.46,Low,Average,43,13,581,3.4234943554798667,2.7021560139434952,8,341,31,Excess,Normal,Deficient,0,1,0,0
27,F,151,91,39.91,Low,Poor,30,5,1253,3.0786352830899566,1.4891733407713246,6,229,44,Normal,Deficient,Excess,1,0,1,0
60,M,184,50,14.77,Moderate,Average,43,10,940,2.667612442596878,2.7331795826868603,16,165,66,Excess,Normal,Normal,0,0,0,0
61,F,156,78,32.05,Low,Average,45,10,671,3.098583611207716,2.326806338560468,10,343,49,Excess,Normal,Deficient,0,1,1,0
46,M,170,94,32.53,Low,Good,8,16,730,2.236053216854969,1.619233299870559,13,290,64,Deficient,Normal,Deficient,0,1,1,0
30,F,167,98,35.14,High,Average,34,16,1219,1.4151927579043737,1.928699766276502,16,257,63,Excess,Normal,Excess,1,0,1,0
29,F,152,84,36.36,Low,Good,34,14,574,2.997295720796102,1.179069057801331,5,414,60,Excess,Normal,Deficient,0,1,1,0
48,M,188,89,25.18,High,Good,26,10,769,2.5740169200568666,2.95571270929469,18,439,48,Normal,Normal,Deficient,0,1,0,0
63,F,160,63,24.61,Low,Poor,15,21,1125,2.9181244016283268,2.1018481402360694,11,358,97,Normal,Excess,Normal,0,0,0,0
19,M,188,84,23.77,Low,Good,6,23,561,2.01399634308547,0.4183865017409007,10,314,53,Deficient,Excess,Deficient,0,1,0,0
68,M,173,97,32.41,High,Good,48,22,819,3.720599732019508,1.1818791455196236,7,301,68,Excess,Excess,Normal,0,0,1,0
67,F,168,94,33.3,Moderate,Poor,16,10,601,2.7621096057267307,1.9829489711494557,5,439,83,Normal,Normal,Deficient,0,1,1,0
52,M,153,69,29.48,High,Good,34,23,928,1.2562074528726217,0.4520998500579474,17,417,68,Excess,Excess,Normal,1,0,1,1
40,F,175,98,32.0,High,Poor,40,14,1221,2.349411972113286,0.3644873165616855,8,300,46,Excess,Normal,Excess,0,0,1,1
34,F,187,62,17.73,High,Average,22,12,754,3.269068164230903,1.515065446725067,19,356,48,Normal,Normal,Deficient,0,1,0,0
43,M,181,87,26.56,Moderate,Poor,30,10,1031,3.382403685196817,1.198263485170209,18,404,77,Normal,Normal,Normal,0,0,0,0
25,M,188,98,27.73,Low,Good,11,11,1069,2.483791158291276,1.483406241689548,13,290,64,Deficient,Normal,Normal,0,1,1,0
46,M,185,95,27.76,High,Poor,5,5,611,3.6842427124939032,1.009271936676014,19,245,61,Deficient,Deficient,Deficient,1,1,1,0
43,M,189,98,27.43,High,Good,30,22,812,1.8030053115828928,0.7447379167460485,6,376,76,Normal,Excess,Normal,0,0,1,1
27,F,186,57,16.48,Moderate,Average,27,24,960,2.2317960917148,2.160687063846912,7,342,76,Normal,Excess,Normal,0,0,0,0
43,F,182,92,27.77,High,Poor,30,16,1207,3.6957907317069103,1.6893420139230615,6,267,93,Normal,Normal,Excess,0,0,1,0
51,M,185,69,20.16,Low,Average,49,20,961,3.688770149414737,0.8404163703732905,18,154,75,Excess,Excess,Normal,0,0,0,0
68,F,152,82,35.49,Moderate,Good,10,14,591,3.0571383064740427,1.1628914509019954,6,392,64,Deficient,Normal,Deficient,0,1,1,0
58,F,158,75,30.04,Low,Good,10,14,551,3.5769416413666604,1.89788135069098,14,170,46,Deficient,Normal,Deficient,0,1,1,0
24,F,157,88,35.7,Low,Average,48,18,1019,1.266319800868698,0.4950192403356901,15,301,71,Excess,Normal,Normal,1,0,1,1
21,F,182,70,21.13,Moderate,Poor,12,24,597,3.594984928623329,0.6981231250186848,15,277,58,Deficient,Excess,Deficient,0,1,0,0
67,M,155,98,40.79,High,Poor,28,14,735,1.9618597196506804,0.4977631310899533,12,273,99,Normal,Normal,Deficient,0,1,1,1
62,M,188,91,25.75,Low,Good,26,14,873,1.534994537284649,2.493256798328121,7,295,46,Normal,Normal,Normal,0,0,0,0
28,F,153,92,39.3,Low,Average,23,15,1080,1.7181095090261391,2.331504929672425,11,426,43,Normal,Normal,Normal,0,0,1,0
46,M,162,90,34.29,Low,Average,41,6,1056,2.253905524041661,2.3339449160739942,12,301,53,Excess,Deficient,Normal,1,0,1,0
53,M,151,58,25.44,Low,Poor,22,24,1148,1.7535760138134018,2.234078427385276,7,260,86,Normal,Excess,Normal,0,0,0,0
42,M,154,73,30.78,Moderate,Poor,35,12,733,1.9617027580494968,2.107340643908647,6,265,79,Excess,Normal,Deficient,0,1,1,0
38,F,176,86,27.76,Moderate,Poor,41,11,531,1.4049354582149265,1.5878781715210726,17,337,86,Excess,Normal,Deficient,1,1,1,0
53,F,181,98,29.91,Low,Average,34,12,788,1.888530296676996,2.0341510414692103,17,206,90,Excess,Normal,Deficient,0,1,1,0
27,F,170,90,31.14,High,Poor,46,5,1137,2.716851443626004,0.4035761979275315,12,400,68,Excess,Deficient,Normal,1,0,1,1
54,M,157,66,26.78,Low,Poor,37,6,1078,2.325561124273192,1.9779539411733185,7,299,84,Excess,Deficient,Normal,1,0,0,0
26,F,187,73,20.88,High,Good,14,22,1041,2.0401562837077334,2.4002698049495685,11,311,65,Deficient,Excess,Normal,0,1,0,0
41,F,157,70,28.4,Low,Poor,41,19,613,3.239356386571342,1.6509675730378537,16,269,66,Excess,Excess,Deficient,0,1,1,0
52,M,152,88,38.09,High,Poor,16,5,703,3.680529914179954,1.2652859867535398,5,219,43,Normal,Deficient,Deficient,1,1,1,0
66,F,152,90,38.95,Low,Average,34,9,528,3.270367668707191,1.0490521839626437,18,248,56,Excess,Deficient,Deficient,1,1,1,0
52,F,171,88,30.09,High,Average,31,6,1142,1.996002106353037,2.0355655354376228,19,316,60,Excess,Deficient,Normal,1,0,1,0
65,M,155,62,25.81,Low,Good,43,24,973,3.233326503512661,2.1705632363007537,16,447,73,Excess,Excess,Normal,0,0,0,0
53,M,151,60,26.31,Low,Poor,13,7,1196,1.4559405474221536,2.651612519628865,10,300,97,Deficient,Deficient,Normal,1,1,0,0
35,M,172,95,32.11,High,Good,25,23,752,1.3909539642738729,1.224302022644675,16,151,77,Normal,Excess,Deficient,1,1,1,0
66,F,151,68,29.82,Moderate,Average,16,22,1297,2.036881111108477,2.378385229941081,16,301,86,Normal,Excess,Excess,0,0,1,0
56,F,187,60,17.16,High,Good,33,22,885,3.423107107132171,1.8156607253112125,17,214,51,Excess,Excess,Normal,0,0,0,0
49,F,166,62,22.5,Moderate,Average,37,18,561,1.7390447417269057,2.683658524830814,13,218,33,Excess,Normal,Deficient,0,1,0,0
41,M,184,95,28.06,Low,Good,47,12,1014,1.1897602266960388,1.7250926923981762,16,270,75,Excess,Normal,Normal,1,0,1,0
40,M,183,94,28.07,High,Good,19,16,929,1.3951286056190653,1.6976005366745115,7,258,88,Normal,Normal,Normal,1,0,1,0
49,F,172,50,16.9,High,Poor,6,14,1079,3.5762349055887404,1.8602681198904547,18,396,63,Deficient,Normal,Normal,0,1,0,0
54,F,179,89,27.78,High,Good,43,24,1036,2.9013498542418628,2.3231514588845728,11,242,40,Excess,Excess,Normal,0,0,1,0
29,M,157,93,37.73,Moderate,Poor,48,21,1190,1.75960349010993,2.9046642928368445,17,417,60,Excess,Excess,Normal,0,0,1,0
66,M,171,68,23.26,Moderate,Poor,22,15,640,2.665887475984544,0.4986210563825672,10,252,40,Normal,Normal,Deficient,0,1,0,0
30,M,185,61,17.82,Low,Poor,7,6,1242,2.582738867276051,0.4442734264557463,12,261,85,Deficient,Deficient,Excess,1,1,0,0
40,M,154,57,24.03,Moderate,Poor,11,8,799,2.966307935321984,2.831385910999814,7,211,67,Deficient,Deficient,Deficient,1,1,0,0
42,F,162,57,21.72,Moderate,Good,47,5,1174,1.699562663264849,1.7306641888991563,7,449,50,Excess,Deficient,Normal,1,0,0,0
52,M,178,94,29.67,Low,Average,22,19,810,3.5932089615831933,1.9602381393307275,8,285,39,Normal,Excess,Normal,0,0,1,0
58,F,180,61,18.83,High,Average,48,17,970,1.9281056862400383,1.602543724305768,7,204,55,Excess,Normal,Normal,0,0,0,0
47,F,165,97,35.63,High,Average,42,12,892,3.0823949619287108,0.5528751220401811,13,257,37,Excess,Normal,Normal,0,0,1,1
34,F,179,82,25.59,Low,Good,41,8,1141,1.048373939116645,2.3738413217304,15,407,37,Excess,Deficient,Normal,1,0,0,0
66,M,165,94,34.53,High,Poor,37,14,944,2.1179713896824417,2.3175065417391845,8,402,89,Excess,Normal,Normal,0,0,1,0
37,M,161,75,28.93,Moderate,Average,48,23,1257,2.055129453876425,1.1415989680305925,10,371,63,Excess,Excess,Excess,0,0,1,0
65,M,166,88,31.93,Low,Good,35,22,671,2.6304532857490432,1.126845962116681,12,316,45,Excess,Excess,Deficient,0,1,1,0
42,M,165,77,28.28,Low,Poor,15,9,1075,1.2182087853315895,2.5621717284449,15,309,42,Normal,Deficient,Normal,1,0,1,0
39,F,161,54,20.83,Low,Average,8,23,530,3.370394121178325,0.4953645959015819,17,315,51,Deficient,Excess,Deficient,0,1,0,0
30,M,157,57,23.12,High,Poor,22,20,546,1.6533424053027057,2.678983900562728,12,354,56,Normal,Excess,Deficient,0,1,0,0
36,M,169,74,25.91,Low,Average,8,5,629,3.0311134446460306,0.9929865627189688,19,416,93,Deficient,Deficient,Deficient,1,1,0,0
66,F,152,76,32.89,Low,Average,38,16,851,3.40963636973228,1.9010588189398336,9,287,31,Excess,Normal,Normal,0,0,1,0
53,M,165,95,34.89,Low,Average,33,6,1121,2.685630868724539,2.8271842833048,9,397,55,Excess,Deficient,Normal,1,0,1,0
29,F,179,72,22.47,High,Poor,28,12,1080,3.2226496201659565,2.1309307541489453,10,204,98,Normal,Normal,Normal,0,0,0,0
58,F,172,79,26.7,Moderate,Good,26,22,557,2.9855809366450163,1.418960493660999,14,358,59,Normal,Excess,Deficient,0,1,0,0
36,F,177,94,30.0,Low,Poor,6,20,605,2.0665893914560227,2.161742364044621,11,166,37,Deficient,Excess,Deficient,0,1,1,0
29,F,189,96,26.87,Moderate,Average,48,9,829,3.426575617100696,1.2287450180541994,17,217,67,Excess,Deficient,Normal,1,0,0,0
26,F,154,72,30.36,High,Poor,10,17,1267,1.884104109656584,1.0485977241428026,17,282,90,Deficient,Normal,Excess,0,1,1,0
24,F,169,98,34.31,High,Good,46,23,1182,2.713638753254552,2.991044850423635,14,337,94,Excess,Excess,Normal,0,0,1,0
45,F,189,96,26.87,High,Poor,29,7,882,3.2361932174246184,2.327133624185427,18,287,96,Normal,Deficient,Normal,1,0,0,0
31,F,150,69,30.67,High,Good,25,12,661,2.136867729437523,2.040743938930908,11,323,75,Normal,Normal,Deficient,0,1,1,0
48,M,179,67,20.91,Moderate,Good,20,16,785,1.9083028228522751,1.2592820366921609,17,246,72,Normal,Normal,Deficient,0,1,0,0
69,M,170,67,23.18,Low,Poor,35,6,570,2.3780380305184683,0.43273423871863,8,320,88,Excess,Deficient,Deficient,1,1,0,0
36,M,169,51,17.86,High,Average,18,15,1266,3.453890483047461,0.3838535652949201,10,303,75,Normal,Normal,Excess,0,0,0,0
64,M,155,53,22.06,High,Good,43,16,953,3.7897652894369935,1.796289389711757,11,332,64,Excess,Normal,Normal,0,0,0,0
33,F,171,79,27.02,Moderate,Poor,32,22,1066,2.6352502385796703,2.3574883468054377,9,391,68,Excess,Excess,Normal,0,0,1,0
22,M,167,82,29.4,Moderate,Good,36,17,896,2.984398615970956,1.750923814198409,9,434,80,Excess,Normal,Normal,0,0,1,0
52,F,157,85,34.48,High,Average,32,9,1014,3.7098208667167434,2.570119694235609,6,176,33,Excess,Deficient,Normal,1,0,1,0
29,M,188,67,18.96,Low,Poor,13,16,525,1.2956405542388272,0.3902516393516984,11,209,80,Deficient,Normal,Deficient,1,1,0,0
42,M,181,86,26.25,Low,Poor,49,6,812,1.696235733598495,1.2902306063500384,16,351,34,Excess,Deficient,Normal,1,0,0,0
69,M,182,68,20.53,High,Poor,26,9,625,3.126700018754748,0.9400900561702809,10,399,84,Normal,Deficient,Deficient,1,1,0,0
38,F,165,96,35.26,Moderate,Average,36,11,907,3.471233385736899,1.5076370140242297,15,218,49,Excess,Normal,Normal,0,0,1,0
53,M,161,77,29.71,High,Good,9,16,1064,3.571087084991734,0.4954162616241306,5,170,53,Deficient,Normal,Normal,0,1,1,1
40,F,187,89,25.45,High,Poor,27,20,697,2.245321530564798,2.876155432241896,8,301,65,Normal,Excess,Deficient,0,1,0,0
33,F,183,69,20.6,Moderate,Good,9,12,687,1.2680197068756005,0.9027895828872744,7,251,63,Deficient,Normal,Deficient,1,1,0,0
56,M,163,98,36.89,High,Good,46,13,1197,2.31334443189886,2.790230993805679,16,244,83,Excess,Normal,Normal,0,0,1,0
62,M,185,82,23.96,High,Average,36,19,1215,1.6922037706211612,1.449911518599041,19,378,63,Excess,Excess,Excess,0,0,0,0
59,M,182,61,18.42,High,Poor,14,9,983,1.8735893649898725,2.9609151597890886,7,274,46,Deficient,Deficient,Normal,1,1,0,0
56,F,172,64,21.63,Moderate,Good,43,17,949,3.316802670512517,1.7959576353425692,11,407,34,Excess,Normal,Normal,0,0,0,0
31,M,151,90,39.47,Low,Poor,19,9,1022,1.2265812580776605,2.8132487332746803,15,385,47,Normal,Deficient,Normal,1,0,1,0
48,F,170,88,30.45,Low,Poor,11,15,853,3.4827436524421063,0.3144422694744017,16,311,84,Deficient,Normal,Normal,0,1,1,1
22,F,151,51,22.37,Moderate,Average,33,14,1157,2.2830072574725078,2.32024477668843,14,191,82,Excess,Normal,Normal,0,0,0,0
52,M,176,78,25.18,Low,Poor,7,24,1096,2.788191793301785,2.738236763376792,8,425,79,Deficient,Excess,Normal,0,1,0,0
40,M,158,90,36.05,High,Poor,23,17,599,1.268956693707037,0.677245530843176,19,217,74,Normal,Normal,Deficient,1,1,1,1
46,F,150,59,26.22,Low,Good,14,13,1115,2.012077235071839,0.559539799676809,16,322,42,Deficient,Normal,Normal,0,1,0,0
60,F,160,51,19.92,High,Average,32,18,1057,1.2691027570445377,1.4463460394020802,12,274,45,Excess,Normal,Normal,1,0,0,0
28,F,152,60,25.97,Low,Poor,33,22,1055,3.884631168643329,2.820933046558925,15,319,42,Excess,Excess,Normal,0,0,0,0
35,M,172,62,20.96,Moderate,Good,19,19,777,3.421784947978751,1.7644437125141847,13,196,49,Normal,Excess,Deficient,0,1,0,0
64,F,175,59,19.27,Low,Average,39,14,1192,2.378898263069381,1.724132452048677,7,410,95,Excess,Normal,Normal,0,0,0,0
29,M,153,63,26.91,Low,Average,10,11,1198,1.6708076449710134,0.681040519408169,9,366,76,Deficient,Normal,Normal,0,1,0,0
26,F,167,67,24.02,Low,Good,16,12,1125,3.800365315749557,0.3021316799516907,8,273,48,Normal,Normal,Normal,0,0,0,0
27,F,155,58,24.14,Moderate,Good,42,7,990,2.033789787180915,2.4873782450127453,18,442,74,Excess,Deficient,Normal,1,0,0,0
61,M,184,88,25.99,Low,Good,17,19,754,1.4829532950621245,0.5364513200628432,16,311,66,Normal,Excess,Deficient,1,1,0,0
34,F,171,77,26.33,Moderate,Good,33,20,880,2.689493165361865,2.011394510585375,14,350,83,Excess,Excess,Normal,0,0,0,0
55,M,164,52,19.33,High,Good,23,8,1041,3.831322361034448,2.769464427191017,19,424,35,Normal,Deficient,Normal,1,0,0,0
24,M,171,69,23.6,Low,Poor,7,10,763,1.0114908715009676,0.8633601655277638,10,355,43,Deficient,Normal,Deficient,1,1,0,0
63,F,186,55,15.9,Moderate,Poor,12,5,1109,1.7143745297619963,2.0962366578396594,15,189,33,Deficient,Deficient,Normal,1,1,0,0
30,M,161,76,29.32,Moderate,Average,12,8,828,3.815342921231223,0.5124861571102756,14,422,84,Deficient,Deficient,Normal,1,1,1,1
57,M,187,51,14.58,Low,Poor,24,15,614,1.513257900571486,1.9301388883615551,8,337,63,Normal,Normal,Deficient,0,1,0,0
59,F,167,78,27.97,High,Poor,8,16,775,1.3397303549194597,0.7426156465736474,12,242,56,Deficient,Normal,Deficient,1,1,1,1
26,M,184,87,25.7,Moderate,Poor,25,9,987,2.7105616473994134,2.2870746133909807,7,191,36,Normal,Deficient,Normal,1,0,0,0
67,M,179,52,16.23,Low,Good,7,20,780,3.5855314698844896,1.1133244959435522,15,256,32,Deficient,Excess,Deficient,0,1,0,0
44,M,173,65,21.72,High,Average,49,17,774,2.431329453081778,1.5511557237725448,9,214,76,Excess,Normal,Deficient,0,1,0,0
19,F,179,79,24.66,Moderate,Average,12,17,1272,3.9836927700535743,1.9184624634745788,17,284,31,Deficient,Normal,Excess,0,1,0,0
22,M,163,89,33.5,Moderate,Average,27,21,1218,3.0375150986139783,0.7624382087988468,5,173,54,Normal,Excess,Excess,0,0,1,1
46,F,155,51,21.23,High,Average,20,11,827,1.222224721631343,2.3024221102675764,17,177,89,Normal,Normal,Normal,1,0,0,0
54,F,152,66,28.57,High,Poor,17,12,710,3.978496395045926,1.1171289197193994,19,211,53,Normal,Normal,Deficient,0,1,1,0
55,M,165,90,33.06,Low,Poor,7,17,1226,2.2236827103405714,2.0884040217644344,10,422,44,Deficient,Normal,Excess,0,1,1,0
36,M,156,61,25.07,Low,Good,13,20,1051,1.8622076015364477,0.7273642368883089,15,378,43,Deficient,Excess,Normal,0,1,0,0
25,M,163,84,31.62,Moderate,Average,18,8,525,2.6736375507336567,2.1579176798571456,9,169,83,Normal,Deficient,Deficient,1,1,1,0
65,F,158,92,36.85,High,Poor,17,12,526,1.9129227754625928,0.6461077965882467,12,152,35,Normal,Normal,Deficient,0,1,1,1
62,M,164,50,18.59,High,Poor,11,20,1201,1.259372521360457,1.448462539928956,13,367,47,Deficient,Excess,Excess,1,1,0,0
18,M,170,94,32.53,High,Good,19,14,582,1.00428502923753,0.9674563990949674,12,285,49,Normal,Normal,Deficient,1,1,1,1
39,M,184,64,18.9,Moderate,Good,11,16,1181,2.348750058760787,2.320613173456093,12,152,91,Deficient,Normal,Normal,0,1,0,0
69,M,151,75,32.89,High,Good,42,16,912,3.5105902666797766,1.0074945121685617,16,342,69,Excess,Normal,Normal,0,0,1,0
34,M,176,86,27.76,High,Poor,38,9,666,2.71694555689023,2.68063672726757,18,222,68,Excess,Deficient,Deficient,1,1,1,0
24,F,151,70,30.7,Moderate,Poor,45,20,1199,3.9976218968303225,2.7079145707978545,17,267,81,Excess,Excess,Normal,0,0,1,0
42,F,184,98,28.95,Low,Good,26,5,668,1.8605399369416,0.8303915511015219,7,303,61,Normal,Deficient,Deficient,1,1,1,1
62,M,167,80,28.69,Low,Average,28,13,728,1.8413651942801657,1.957384051520856,8,358,56,Normal,Normal,Deficient,0,1,1,0
21,M,163,74,27.85,Moderate,Good,41,16,1108,1.4792483807018326,0.5368376326439037,19,183,81,Excess,Normal,Normal,1,0,1,1
53,M,169,72,25.21,High,Good,48,9,866,1.4921907647960055,1.357150168924399,15,286,92,Excess,Deficient,Normal,1,0,0,0
23,M,167,73,26.18,Moderate,Good,5,24,1027,1.8555597880301435,2.2259686696534358,8,269,92,Deficient,Excess,Normal,0,1,0,0
48,F,159,87,34.41,Low,Good,14,7,1290,3.3785201358205814,2.080442766494774,19,264,46,Deficient,Deficient,Excess,1,1,1,0
36,M,174,77,25.43,Low,Poor,47,9,1146,3.717270371909344,1.9866918073978417,19,162,78,Excess,Deficient,Normal,1,0,0,0
61,F,151,70,30.7,Moderate,Average,20,6,1037,3.925261509123044,1.0628603318885976,18,218,52,Normal,Deficient,Normal,1,0,1,0
56,F,174,92,30.39,Moderate,Good,12,18,1023,1.6968689622893578,1.3206673634728856,15,406,42,Deficient,Normal,Normal,0,1,1,0
44,M,182,67,20.23,Low,Average,29,6,571,3.643892636842275,0.5779545906907727,9,238,52,Normal,Deficient,Deficient,1,1,0,0
27,F,185,85,24.84,Moderate,Average,16,17,1144,1.9847652678320111,2.2413616151707227,17,196,86,Normal,Normal,Normal,0,0,0,0
43,F,180,84,25.93,Low,Average,29,11,605,1.3385216335506531,1.6604997513364386,13,409,91,Normal,Normal,Deficient,1,1,0,0
36,F,163,94,35.38,Moderate,Good,21,14,1231,3.610074776560497,2.2136672073332675,16,377,83,Normal,Normal,Excess,0,0,1,0
56,F,150,58,25.78,Moderate,Poor,30,17,1188,2.908316903930856,0.9721475169515564,13,329,49,Normal,Normal,Normal,0,0,0,0
20,M,165,87,31.96,Moderate,Good,18,20,781,1.494192688243185,1.175983217314679,14,159,81,Normal,Excess,Deficient,1,1,1,0
62,M,152,79,34.19,Low,Average,45,18,632,2.289493772539008,1.2023814106023096,17,433,52,Excess,Normal,Deficient,0,1,1,0
30,F,184,93,27.47,Moderate,Average,40,15,1033,1.8617730846312028,0.3695045063174837,16,275,64,Excess,Normal,Normal,0,0,1,1
67,M,155,83,34.55,Low,Poor,27,14,768,3.210383706130591,1.2208292566426835,18,283,96,Normal,Normal,Deficient,0,1,1,0
45,M,174,81,26.75,Low,Good,47,10,911,2.3602486918728043,2.4689223484986904,5,304,63,Excess,Normal,Normal,0,0,0,0
37,M,162,52,19.81,Moderate,Average,10,8,1172,3.967839835319155,2.722705938524294,18,397,62,Deficient,Deficient,Normal,1,1,0,0
45,M,183,52,15.53,Moderate,Poor,9,5,1118,1.1642349467787854,1.6991894522170043,18,289,75,Deficient,Deficient,Normal,1,1,0,0
25,M,157,77,31.24,Low,Average,47,11,1290,2.06504579840874,1.5298545770918948,12,325,74,Excess,Normal,Excess,0,0,1,0
58,F,170,93,32.18,Low,Poor,29,13,1246,2.445700501329932,0.3832264704882996,18,323,48,Normal,Normal,Excess,0,0,1,1
56,M,183,64,19.11,High,Poor,22,12,517,2.5094006642449598,2.673851711480533,5,223,44,Normal,Normal,Deficient,0,1,0,0
18,M,153,90,38.45,Low,Good,17,9,1253,1.9478074671569103,0.3351275762498563,6,292,95,Normal,Deficient,Excess,1,0,1,1
20,M,174,72,23.78,High,Average,47,23,616,3.187720747292704,2.850825216567572,11,441,68,Excess,Excess,Deficient,0,1,0,0
30,M,164,89,33.09,High,Good,18,14,1297,3.624241220466924,1.6208838714578448,19,261,47,Normal,Normal,Excess,0,0,1,0
45,F,153,60,25.63,High,Average,32,15,1293,3.816157905933589,1.223223132651762,12,355,99,Excess,Normal,Excess,0,0,0,0
66,F,161,97,37.42,Moderate,Good,22,19,643,3.4152801303985787,2.7953897740751823,5,280,88,Normal,Excess,Deficient,0,1,1,0
42,F,181,81,24.72,Moderate,Average,32,10,1216,3.551740591919798,0.3658556813972612,19,259,61,Excess,Normal,Excess,0,0,0,0
50,F,181,85,25.95,Low,Good,31,19,1050,2.6516359018599864,1.8698472161465356,7,216,50,Excess,Excess,Normal,0,0,0,0
55,M,177,82,26.17,High,Poor,36,9,1165,3.477664679280444,1.7821178161482116,11,235,69,Excess,Deficient,Normal,1,0,0,0
23,F,162,73,27.82,Moderate,Average,13,23,1187,1.9105117274438568,0.8921650832707317,17,424,56,Deficient,Excess,Normal,0,1,1,1
61,M,180,88,27.16,Moderate,Average,44,23,1252,2.1954362863276438,1.4579960646455687,13,376,31,Excess,Excess,Excess,0,0,1,0
62,M,163,83,31.24,Moderate,Poor,36,14,921,1.950739041455633,2.06111281604818,12,159,68,Excess,Normal,Normal,0,0,1,0
49,M,169,77,26.96,Moderate,Good,24,16,868,2.4021620063437763,2.2632542315812043,12,437,85,Normal,Normal,Normal,0,0,0,0
62,M,167,86,30.84,Moderate,Average,32,8,1145,1.856738848715909,0.3019355185077654,19,261,42,Excess,Deficient,Normal,1,0,1,1
64,M,178,56,17.67,High,Average,37,22,1057,3.884834326763341,2.829504261245741,13,173,85,Excess,Excess,Normal,0,0,0,0
38,F,155,53,22.06,High,Good,8,20,549,1.9385338840170043,0.7442185054605934,14,440,95,Deficient,Excess,Deficient,0,1,0,0
33,F,181,86,26.25,High,Poor,38,12,1177,1.2941336143328197,0.93066717240037,7,317,85,Excess,Normal,Normal,1,0,0,0
38,F,178,50,15.78,High,Good,7,8,605,2.5804514981512403,1.0113783033733903,12,258,57,Deficient,Deficient,Deficient,1,1,0,0
28,F,151,50,21.93,Low,Good,30,16,715,1.171297235335529,0.4021143686904953,5,339,93,Normal,Normal,Deficient,1,1,0,0
54,M,172,96,32.45,High,Good,12,6,1157,1.3316294989257416,0.6322407336938773,12,345,93,Deficient,Deficient,Normal,1,1,1,1
53,F,168,69,24.45,Moderate,Average,10,8,924,1.6581681675887388,2.963144791949237,17,182,85,Deficient,Deficient,Normal,1,1,0,0
52,M,180,68,20.99,High,Poor,20,9,571,2.393050749646425,1.1510851909186723,11,354,70,Normal,Deficient,Deficient,1,1,0,0
36,F,154,78,32.89,Low,Poor,28,7,1284,2.299752796927084,0.6113129439154332,17,331,70,Normal,Deficient,Excess,1,0,1,1
37,M,168,59,20.9,Moderate,Good,43,13,1258,3.3990755860083737,0.588876405171483,19,296,33,Excess,Normal,Excess,0,0,0,0
35,M,183,67,20.01,High,Average,34,22,945,3.21842396165234,2.242541912708924,12,417,86,Excess,Excess,Normal,0,0,0,0
64,F,159,77,30.46,High,Good,49,15,685,2.278954881972104,2.6073353928881304,5,160,59,Excess,Normal,Deficient,0,1,1,0
58,M,174,84,27.74,High,Average,17,7,569,2.0011126227268896,0.9937712086728688,10,219,75,Normal,Deficient,Deficient,1,1,1,1
66,M,151,92,40.35,Moderate,Average,9,6,649,1.949406352184496,0.3564556833051344,11,405,85,Deficient,Deficient,Deficient,1,1,1,1
31,F,160,96,37.5,Moderate,Average,29,13,745,3.321985261882027,0.9023430498024608,18,368,60,Normal,Normal,Deficient,0,1,1,1
32,M,180,80,24.69,Low,Average,24,18,1273,1.156217218663809,0.4525923651512448,15,446,36,Normal,Normal,Excess,1,0,0,0
48,F,164,76,28.26,Moderate,Poor,22,8,1037,1.0384649485318174,0.5791663289011121,9,408,83,Normal,Deficient,Normal,1,0,1,1
18,F,158,60,24.03,Moderate,Average,22,13,1151,3.386633175779944,1.4650719235886345,18,152,37,Normal,Normal,Normal,0,0,0,0
20,F,172,98,33.13,High,Average,6,17,598,2.431439127967148,0.920779601326408,9,233,84,Deficient,Normal,Deficient,0,1,1,1
33,M,168,98,34.72,Moderate,Good,14,22,777,1.392643415660728,1.6930538720186432,11,305,98,Deficient,Excess,Deficient,1,1,1,0
40,M,158,87,34.85,High,Good,49,19,1062,1.706697803783504,0.984433133794414,19,300,73,Excess,Excess,Normal,0,0,1,1
28,M,184,54,15.95,High,Poor,16,14,1162,3.797511859292148,2.8394507129779587,15,325,42,Normal,Normal,Normal,0,0,0,0
29,F,170,57,19.72,Moderate,Good,17,20,954,3.5785089268746937,2.7460487134009144,19,344,49,Normal,Excess,Normal,0,0,0,0
27,M,158,83,33.25,Low,Average,15,16,603,3.129355150671917,1.8303764835282583,7,256,61,Normal,Normal,Deficient,0,1,1,0
49,F,177,97,30.96,Low,Good,23,24,1100,2.44667569101198,1.2569447783659426,10,283,89,Normal,Excess,Normal,0,0,1,0
33,F,156,61,25.07,Moderate,Poor,39,9,1152,2.560970878574157,1.329096581493786,11,425,79,Excess,Deficient,Normal,1,0,0,0
25,M,165,87,31.96,Low,Good,43,6,1224,3.925733605851876,1.4120011644901418,5,304,56,Excess,Deficient,Excess,1,0,1,0
55,F,165,50,18.37,High,Good,30,14,732,3.897311331652861,2.264464169764349,16,426,54,Normal,Normal,Deficient,0,1,0,0
29,M,182,80,24.15,High,Poor,18,5,893,1.6458071373575027,1.5194252879008625,6,385,81,Normal,Deficient,Normal,1,0,0,0
41,M,153,53,22.64,Moderate,Poor,49,11,1000,3.4333136989159545,2.6131708555659228,16,389,97,Excess,Normal,Normal,0,0,0,0
45,M,153,98,41.86,Low,Average,48,21,1194,1.5917279985010504,2.8490559220119844,8,162,50,Excess,Excess,Normal,0,0,1,0
25,M,188,94,26.6,Low,Good,28,20,750,1.6406124336518542,1.2070546141231215,17,184,47,Normal,Excess,Deficient,0,1,0,0
45,M,189,99,27.71,High,Average,45,7,1020,3.0282791024937303,1.8138750997143365,12,196,68,Excess,Deficient,Normal,1,0,1,0
53,F,166,54,19.6,Moderate,Good,5,18,578,2.2150032957626453,0.556652649447924,15,363,44,Deficient,Normal,Deficient,0,1,0,0
43,F,186,79,22.84,Low,Good,47,14,551,3.7946332213195606,0.8412664289691694,17,295,82,Excess,Normal,Deficient,0,1,0,0
25,F,188,73,20.65,Moderate,Average,26,11,1280,1.2670292046880265,1.4163575701174325,18,308,67,Normal,Normal,Excess,1,0,0,0
67,M,178,52,16.41,Low,Good,27,21,725,2.534576922428479,0.856747332934803,14,274,77,Normal,Excess,Deficient,0,1,0,0
45,M,185,60,17.53,High,Good,23,10,550,3.755564591329364,2.666713325129537,10,259,81,Normal,Normal,Deficient,0,1,0,0
45,M,187,94,26.88,High,Good,22,8,685,3.712340981438516,0.7273728913595648,5,186,57,Normal,Deficient,Deficient,1,1,0,0
54,F,188,53,15.0,Moderate,Poor,16,21,533,1.4695876402472237,1.5302842181933485,14,426,45,Normal,Excess,Deficient,1,1,0,0
58,M,186,75,21.68,High,Average,32,13,1241,2.0999131002893696,1.9353879492416644,9,163,45,Excess,Normal,Excess,0,0,0,0
53,F,184,76,22.45,Low,Poor,32,8,630,2.857364200140089,2.16803255203428,11,381,64,Excess,Deficient,Deficient,1,1,0,0
44,F,156,95,39.04,High,Average,37,11,1131,1.4781846543142063,1.3342872982615683,19,273,46,Excess,Normal,Normal,1,0,1,0
34,M,176,92,29.7,Moderate,Average,23,6,942,3.904066516137216,2.646567485556767,17,428,81,Normal,Deficient,Normal,1,0,1,0
26,M,177,76,24.26,Moderate,Good,32,21,1258,3.744247986182981,1.834461707910399,10,260,41,Excess,Excess,Excess,0,0,0,0
50,F,171,91,31.12,Moderate,Average,41,12,931,1.5008505371034075,1.48667100720839,17,273,77,Excess,Normal,Normal,0,0,1,0
37,M,163,99,37.26,Low,Poor,30,19,1203,1.3634663837829564,0.4815497119404989,17,179,51,Normal,Excess,Excess,1,0,1,1
30,F,156,55,22.6,Low,Poor,39,19,996,1.256225448424796,1.5546615648019455,16,264,78,Excess,Excess,Normal,1,0,0,0
45,M,186,64,18.5,Low,Poor,38,12,902,3.7283309921098935,2.515986770202472,13,239,81,Excess,Normal,Normal,0,0,0,0
65,M,171,79,27.02,Low,Average,39,20,822,1.5808714293863824,1.959260749197552,12,361,30,Excess,Excess,Normal,0,0,1,0
46,F,154,91,38.37,Low,Poor,44,23,709,2.248854785633064,2.54683862506862,19,187,95,Excess,Excess,Deficient,0,1,1,0
30,M,151,86,37.72,High,Average,20,15,1114,2.346554096956009,1.6338315106181254,8,232,93,Normal,Normal,Normal,0,0,1,0
63,F,176,86,27.76,Low,Poor,42,6,828,2.7970331326407027,0.6198466037551009,17,176,37,Excess,Deficient,Normal,1,0,1,1
52,M,170,91,31.49,Low,Poor,17,21,871,1.2152060312422748,0.3368275837568789,15,366,54,Normal,Excess,Normal,1,0,1,1
23,F,187,86,24.59,High,Average,27,20,959,1.680275852201548,1.1186927761401964,16,364,95,Normal,Excess,Normal,0,0,0,0
35,F,164,84,31.23,Low,Poor,26,19,632,3.794471160756778,2.18457427304404,9,370,99,Normal,Excess,Deficient,0,1,1,0
68,M,170,72,24.91,Moderate,Good,20,17,1150,3.725230321805709,2.433701740642573,11,164,80,Normal,Normal,Normal,0,0,0,0
22,F,159,55,21.76,Low,Average,32,19,620,3.343871942217077,1.0985326534748894,12,408,82,Excess,Excess,Deficient,0,1,0,0
64,M,172,53,17.92,Low,Average,39,8,1105,1.0582037368546464,1.6382655863847673,9,415,44,Excess,Deficient,Normal,1,0,0,0
42,M,188,67,18.96,Moderate,Average,49,20,951,1.9810203054883064,1.4370210419720204,13,269,79,Excess,Excess,Normal,0,0,0,0
19,M,154,58,24.46,Moderate,Good,12,16,628,2.8838762060287237,1.4084115177488554,18,277,67,Deficient,Normal,Deficient,0,1,0,0
27,F,150,98,43.56,Moderate,Average,48,8,590,1.825570635320427,0.9246415256404064,14,360,69,Excess,Deficient,Deficient,1,1,1,1
47,F,162,78,29.72,Moderate,Poor,26,7,1103,3.728760085161332,0.6682019835795376,16,160,95,Normal,Deficient,Normal,1,0,1,1
67,M,170,62,21.45,Low,Poor,25,21,1074,2.901668385497325,0.8310591072242755,8,325,68,Normal,Excess,Normal,0,0,0,0
62,M,175,96,31.35,Moderate,Poor,30,22,528,1.2157201519493368,0.4493974453410344,8,282,46,Normal,Excess,Deficient,1,1,1,1
22,F,170,66,22.84,Moderate,Average,44,22,1221,3.727016766507109,0.834953002923658,17,163,36,Excess,Excess,Excess,0,0,0,0
50,M,167,94,33.71,High,Poor,25,21,1023,3.873299974528668,0.3248424235885245,12,199,68,Normal,Excess,Normal,0,0,1,1
18,M,186,81,23.41,Moderate,Average,29,16,832,1.2331372551751765,1.9935976817171412,5,221,97,Normal,Normal,Normal,1,0,0,0
35,F,181,97,29.61,Moderate,Poor,45,8,796,2.597080704583945,1.1542135999467438,12,218,64,Excess,Deficient,Deficient,1,1,1,0
49,M,185,71,20.75,High,Good,5,16,629,1.9100928466425116,2.9274907208526533,9,165,80,Deficient,Normal,Deficient,0,1,0,0
64,F,166,53,19.23,High,Good,10,24,792,2.178517229444207,0.8230360370960041,17,205,76,Deficient,Excess,Deficient,0,1,0,0
66,M,184,54,15.95,Low,Good,27,19,672,1.5389536538660256,1.2337371398359036,18,254,65,Normal,Excess,Deficient,0,1,0,0
28,F,160,86,33.59,High,Good,27,20,1219,2.7342163060372378,1.2661711283321395,15,281,93,Normal,Excess,Excess,0,0,1,0
38,M,170,90,31.14,Low,Average,47,9,523,3.873938059746672,0.3228190393686434,5,197,42,Excess,Deficient,Deficient,1,1,1,1
43,M,175,98,32.0,High,Poor,47,19,598,2.509217800814828,2.5658614732065392,8,397,47,Excess,Excess,Deficient,0,1,1,0
42,F,153,62,26.49,High,Good,27,21,905,1.2487437441834437,0.3863850423896767,6,422,50,Normal,Excess,Normal,1,0,0,0
39,M,183,83,24.78,Low,Average,36,22,855,2.860004000432225,2.8384855537689515,8,260,94,Excess,Excess,Normal,0,0,0,0
44,F,167,94,33.71,High,Good,34,9,638,2.020668983353771,2.708600747952776,12,187,37,Excess,Deficient,Deficient,1,1,1,0
66,M,189,71,19.88,Low,Good,17,17,1002,3.567775568773893,1.7459091734321015,9,389,77,Normal,Normal,Normal,0,0,0,0
30,F,184,72,21.27,High,Average,47,23,673,2.304034444949411,1.7677080522604889,5,270,72,Excess,Excess,Deficient,0,1,0,0
50,F,178,52,16.41,Moderate,Average,22,17,528,1.5785188268267367,2.065200391981622,11,197,82,Normal,Normal,Deficient,0,1,0,0
51,F,178,91,28.72,High,Poor,27,22,995,1.5733168680734348,1.3450350322241948,5,159,56,Normal,Excess,Normal,0,0,1,0
58,F,187,83,23.74,Low,Poor,19,18,1154,3.306292542163481,2.0475001651742097,13,382,48,Normal,Normal,Normal,0,0,0,0
52,M,170,81,28.03,High,Good,37,8,850,1.7967627949220797,0.4208746494589145,7,185,52,Excess,Deficient,Normal,1,0,1,1
18,M,162,94,35.82,Low,Good,25,8,1053,3.301700182477669,0.4459285938442617,16,153,79,Normal,Deficient,Normal,1,0,1,1
38,F,166,98,35.56,Low,Poor,43,24,798,1.6176619322997985,1.5345221329727698,7,193,80,Excess,Excess,Deficient,0,1,1,0
65,F,158,70,28.04,Moderate,Poor,27,24,1219,1.965059106103928,1.7839802129862945,19,205,72,Normal,Excess,Excess,0,0,1,0
23,F,150,95,42.22,Moderate,Average,31,23,691,2.3964609173190983,2.697107628906711,19,191,80,Excess,Excess,Deficient,0,1,1,0
45,M,151,93,40.79,Low,Poor,49,17,1171,3.829587549080352,0.5825837115513199,10,404,98,Excess,Normal,Normal,0,0,1,1
34,M,178,70,22.09,High,Poor,48,16,563,3.795194274261474,2.521149403423501,14,377,70,Excess,Normal,Deficient,0,1,0,0
22,M,182,93,28.08,Low,Good,22,11,1254,1.6206156262668634,0.867127810688588,10,263,40,Normal,Normal,Excess,0,0,1,1
48,M,159,60,23.73,Low,Poor,28,16,1269,2.074657123729218,1.3640258509770862,17,386,81,Normal,Normal,Excess,0,0,0,0
22,F,189,88,24.64,High,Good,44,8,1163,1.448198165361317,1.154826574034015,15,323,52,Excess,Deficient,Normal,1,0,0,0
55,F,170,53,18.34,High,Poor,46,6,714,2.5299552379404915,1.3804192367365773,15,404,78,Excess,Deficient,Deficient,1,1,0,0
20,F,177,50,15.96,High,Average,11,6,665,2.381747652084,0.7063378447959809,10,426,67,Deficient,Deficient,Deficient,1,1,0,0
40,M,160,77,30.08,High,Poor,24,9,1042,3.702280487352197,1.6596392008895986,17,218,76,Normal,Deficient,Normal,1,0,1,0
54,M,183,73,21.8,Low,Poor,31,14,731,3.790016133373218,2.464434992544692,5,379,36,Excess,Normal,Deficient,0,1,0,0
54,M,157,84,34.08,Low,Poor,10,14,1293,2.1507021730218763,1.492141828023022,9,216,95,Deficient,Normal,Excess,0,1,1,0
27,F,171,62,21.2,Moderate,Good,31,13,1040,2.475213829056968,1.6246566549251378,16,185,91,Excess,Normal,Normal,0,0,0,0
27,F,157,96,38.95,Low,Average,13,17,694,3.6887087474383993,2.5916724802595485,10,308,58,Deficient,Normal,Deficient,0,1,1,0
36,M,164,83,30.86,High,Poor,49,11,1005,3.4201234232351845,2.206356909522684,12,298,67,Excess,Normal,Normal,0,0,1,0
34,F,166,60,21.77,Moderate,Good,35,9,833,1.0109689340339478,1.6242269030034189,17,176,62,Excess,Deficient,Normal,1,0,0,0
38,M,172,85,28.73,High,Average,25,14,1267,1.9601786925507476,0.9957782501107852,5,221,58,Normal,Normal,Excess,0,0,1,1
31,M,173,66,22.05,Low,Good,30,14,1292,2.2653227258083777,2.6893022164814098,9,397,52,Normal,Normal,Excess,0,0,0,0
26,F,168,84,29.76,Moderate,Good,44,10,803,1.689148851049695,1.857955084564508,7,250,32,Excess,Normal,Normal,0,0,1,0
63,M,154,67,28.25,High,Average,49,23,936,1.598714847687816,0.8970985472988722,6,339,74,Excess,Excess,Normal,0,0,1,1
18,F,181,89,27.17,Moderate,Poor,17,12,822,1.113353519787039,1.026623332122628,15,245,37,Normal,Normal,Normal,1,0,1,0
68,M,150,71,31.56,Moderate,Good,27,5,1001,2.9301091752092816,2.468459340127864,12,431,58,Normal,Deficient,Normal,1,0,1,0
62,F,172,73,24.68,Low,Good,24,21,892,1.7875308714494968,0.4191930176361297,11,427,31,Normal,Excess,Normal,0,0,0,0
30,F,186,68,19.66,High,Poor,41,11,1098,1.1570415352939394,2.978648904977814,14,166,79,Excess,Normal,Normal,1,0,0,0
21,F,157,86,34.89,Moderate,Poor,32,18,648,1.6929379315841908,0.6519495352299378,11,412,94,Excess,Normal,Deficient,0,1,1,1
18,M,162,88,33.53,Moderate,Average,21,21,1260,3.40574185850838,2.4493850185717307,9,256,49,Normal,Excess,Excess,0,0,1,0
66,M,157,70,28.4,High,Average,32,13,904,3.55446754493964,1.365893355283544,16,217,81,Excess,Normal,Normal,0,0,1,0
57,F,172,57,19.27,Moderate,Average,45,21,782,2.449198735579908,1.628983694876161,17,277,66,Excess,Excess,Deficient,0,1,0,0
49,F,150,77,34.22,Moderate,Poor,6,9,861,2.2482120112260584,2.67775655915436,13,442,56,Deficient,Deficient,Normal,1,1,1,0
51,M,173,54,18.04,Moderate,Good,29,24,878,3.933561080505345,1.414860211890876,9,443,76,Normal,Excess,Normal,0,0,0,0
45,M,184,66,19.49,High,Good,45,12,697,1.6016939787642095,1.7512331349177332,6,245,35,Excess,Normal,Deficient,0,1,0,0
48,M,173,86,28.73,High,Average,10,10,1055,1.6460778485638254,0.4331090885047588,7,150,89,Deficient,Normal,Normal,0,1,1,1
25,F,166,85,30.85,High,Poor,15,15,855,1.8756015311091996,0.3063381794421235,8,447,74,Normal,Normal,Normal,0,0,1,1
56,M,154,68,28.67,High,Good,42,23,1039,1.518271954843262,0.96095965710466,19,329,73,Excess,Excess,Normal,0,0,1,1
43,M,169,76,26.61,Low,Average,10,8,928,2.13809679461256,2.137574350880672,9,330,47,Deficient,Deficient,Normal,1,1,0,0
51,F,170,83,28.72,Moderate,Good,49,22,516,3.7325026809692616,0.6274152120696691,17,384,94,Excess,Excess,Deficient,0,1,1,1
20,M,189,60,16.8,High,Good,15,5,1138,2.846043521885723,0.6071572887722835,7,157,54,Normal,Deficient,Normal,1,0,0,0
67,M,180,94,29.01,Moderate,Poor,18,17,878,2.235839645836791,1.409593641696939,16,176,56,Normal,Normal,Normal,0,0,1,0
29,M,185,96,28.05,Moderate,Poor,6,18,1179,3.803232383713645,2.049160004242212,18,295,36,Deficient,Normal,Normal,0,1,1,0
18,F,160,61,23.83,Low,Good,44,5,1005,1.145392697427467,2.2225943790694123,11,240,73,Excess,Deficient,Normal,1,0,0,0
61,F,164,70,26.03,High,Average,7,15,1255,1.630828533705584,0.7818168200656119,9,421,58,Deficient,Normal,Excess,0,1,0,0
22,F,168,60,21.26,High,Poor,39,21,575,2.697665815305277,0.5148879979045147,9,154,73,Excess,Excess,Deficient,0,1,0,0
47,F,156,88,36.16,Moderate,Good,37,8,730,2.8466578695795377,2.839071991652969,10,231,65,Excess,Deficient,Deficient,1,1,1,0
47,F,177,77,24.58,High,Poor,28,16,1215,1.1186725196878395,1.0037992329176748,11,368,48,Normal,Normal,Excess,1,0,0,0
34,F,154,54,22.77,Moderate,Poor,23,14,747,2.2091162737213965,2.6040355435435543,14,267,35,Normal,Normal,Deficient,0,1,0,0
65,F,154,66,27.83,Moderate,Poor,22,10,801,2.9474618944926183,2.6314269162496093,14,230,54,Normal,Normal,Normal,0,0,1,0
64,M,179,69,21.53,Low,Good,28,5,1225,3.094211639210205,2.38581099775887,12,219,60,Normal,Deficient,Excess,1,0,0,0
40,M,181,90,27.47,Low,Average,49,11,714,2.914419707548808,0.7558507379619392,13,264,38,Excess,Normal,Deficient,0,1,1,1
32,F,157,95,38.54,Low,Average,39,20,657,1.9616896730827735,2.518863939986341,15,412,66,Excess,Excess,Deficient,0,1,1,0
54,M,159,61,24.13,Moderate,Average,5,18,568,1.2805603707937283,2.376976509952284,8,291,56,Deficient,Normal,Deficient,1,1,0,0
38,M,187,55,15.73,High,Poor,40,24,892,2.2813373392580023,1.9111520732867864,9,356,42,Excess,Excess,Normal,0,0,0,0
31,F,181,66,20.15,Low,Good,29,24,584,1.3862633121041663,1.2104454949561725,19,260,70,Normal,Excess,Deficient,1,1,0,0
19,M,177,68,21.71,High,Poor,49,10,766,3.8428709755620014,1.0087732315196691,9,261,95,Excess,Normal,Deficient,0,1,0,0
28,M,166,75,27.22,Low,Average,47,9,568,2.425512598067885,0.6291008726169692,12,192,53,Excess,Deficient,Deficient,1,1,1,1
68,M,180,97,29.94,Low,Average,38,22,1110,1.9517775230706027,1.6763440806323529,13,434,73,Excess,Excess,Normal,0,0,1,0
56,M,157,93,37.73,Moderate,Good,29,19,846,3.2989122133567004,1.8802043638765855,11,277,89,Normal,Excess,Normal,0,0,1,0
55,M,189,93,26.04,Low,Poor,20,10,1227,2.493845777746792,1.2702152743926256,19,334,38,Normal,Normal,Excess,0,0,0,0
51,F,174,81,26.75,Low,Average,38,23,1172,1.93010207203735,1.583469482738345,9,378,31,Excess,Excess,Normal,0,0,0,0
55,F,158,55,22.03,Moderate,Good,33,5,922,3.435903227172405,1.28148903489702,7,370,85,Excess,Deficient,Normal,1,0,0,0
67,F,151,85,37.28,High,Poor,23,5,1105,3.601456453003366,2.030716354765893,5,266,59,Normal,Deficient,Normal,1,0,1,0
51,M,164,87,32.35,Low,Poor,27,17,673,3.019024498866031,2.733399861050721,15,219,51,Normal,Normal,Deficient,0,1,1,0
35,F,152,60,25.97,Moderate,Average,23,7,1176,1.140893267223002,0.7425847075267512,13,219,42,Normal,Deficient,Normal,1,0,0,0
47,M,185,82,23.96,Low,Average,29,14,614,2.6989686404995963,1.3298037867384334,9,259,45,Normal,Normal,Deficient,0,1,0,0
32,M,153,73,31.18,Moderate,Poor,20,7,719,3.289884735991845,0.6803452306673256,13,281,74,Normal,Deficient,Deficient,1,1,1,1
44,M,163,72,27.1,High,Poor,13,13,530,1.4095090362507463,1.9873481801011463,14,205,94,Deficient,Normal,Deficient,1,1,1,0
68,M,174,64,21.14,High,Average,5,12,1022,1.68601225415381,2.2679503756192085,19,238,40,Deficient,Normal,Normal,0,1,0,0
51,F,159,76,30.06,Moderate,Poor,46,7,842,3.647485315204409,2.8161643780131307,16,286,99,Excess,Deficient,Normal,1,0,1,0
69,F,170,60,20.76,Moderate,Average,23,17,876,1.060365165559222,1.0529542009046051,17,280,49,Normal,Normal,Normal,1,0,0,0
55,M,185,99,28.93,Moderate,Poor,37,10,629,3.258181413477928,2.8655702558366616,18,367,92,Excess,Normal,Deficient,0,1,1,0
50,F,161,66,25.46,High,Average,38,17,1116,2.4213198775432687,0.470809213915822,8,325,41,Excess,Normal,Normal,0,0,0,0
41,M,176,63,20.34,Low,Good,20,24,1038,2.3403164765188205,1.928137431084388,9,320,91,Normal,Excess,Normal,0,0,0,0
32,F,189,76,21.28,High,Average,48,24,1238,1.0212895974846616,0.4542583422269909,8,249,71,Excess,Excess,Excess,1,0,0,0
47,F,151,67,29.38,Moderate,Average,44,16,501,3.4581946928994785,2.713190306957251,6,278,98,Excess,Normal,Deficient,0,1,1,0
59,M,162,77,29.34,Moderate,Good,22,17,600,2.0794747019096995,1.7304844540891462,16,206,87,Normal,Normal,Deficient,0,1,1,0
68,F,181,96,29.3,High,Poor,38,6,1032,2.6222968939016287,2.1072405470595497,5,330,34,Excess,Deficient,Normal,1,0,1,0
34,M,180,96,29.63,Moderate,Good,29,20,557,3.0319020590069785,2.545249599958222,12,395,56,Normal,Excess,Deficient,0,1,1,0
22,F,165,53,19.47,High,Average,49,10,888,3.107888729313747,0.7058386807067156,8,293,57,Excess,Normal,Normal,0,0,0,0
46,M,181,56,17.09,Moderate,Poor,10,23,1191,3.867940176478217,0.4041972172329613,9,200,55,Deficient,Excess,Normal,0,1,0,0
21,M,181,94,28.69,Low,Good,25,17,840,2.594019859709827,2.6729790939647007,10,367,78,Normal,Normal,Normal,0,0,1,0
27,F,183,84,25.08,Low,Poor,10,21,519,2.1991586529232827,1.1503197141391177,18,253,50,Deficient,Excess,Deficient,0,1,0,0
34,F,160,97,37.89,Moderate,Poor,36,13,754,3.861110879475124,0.6482430514033461,12,204,30,Excess,Normal,Deficient,0,1,1,1
27,M,159,58,22.94,High,Good,45,21,816,2.9263307050765635,1.564845340135134,15,406,87,Excess,Excess,Normal,0,0,0,0
34,F,164,57,21.19,Low,Poor,47,6,537,1.894451068829667,1.9154264043792508,12,305,84,Excess,Deficient,Deficient,1,1,0,0
37,F,166,94,34.11,High,Good,43,23,1159,1.3793927362107137,0.3836206292407773,11,202,55,Excess,Excess,Normal,1,0,1,1
41,M,189,66,18.48,Moderate,Average,35,23,1036,3.527663504395544,1.0422182772941369,8,336,54,Excess,Excess,Normal,0,0,0,0
22,M,167,66,23.67,High,Poor,46,11,885,2.0865448083824547,0.3885596605476192,10,299,62,Excess,Normal,Normal,0,0,0,0
51,F,158,98,39.26,Low,Average,14,14,1132,2.9814091640932934,1.4349055508278472,8,413,98,Deficient,Normal,Normal,0,1,1,0
23,M,174,82,27.08,High,Average,34,14,525,2.4124492580976944,2.71677007847886,19,399,35,Excess,Normal,Deficient,0,1,1,0
19,M,189,81,22.68,High,Poor,22,24,953,1.596789339385115,2.953161511032637,18,447,52,Normal,Excess,Normal,0,0,0,0
30,M,163,57,21.45,Moderate,Good,28,13,1180,2.8050598258613952,2.0200283944597945,11,360,59,Normal,Normal,Normal,0,0,0,0
60,F,174,68,22.46,Moderate,Poor,13,21,822,1.182049206852047,0.736421773218398,16,174,83,Deficient,Excess,Normal,1,1,0,0
60,F,171,87,29.75,Moderate,Average,35,19,1236,2.240027379613577,2.7457933529981253,17,443,40,Excess,Excess,Excess,0,0,1,0
65,M,179,52,16.23,Low,Average,19,6,1012,2.639844818991013,1.6938691226401634,16,301,60,Normal,Deficient,Normal,1,0,0,0
28,F,169,54,18.91,Low,Good,8,8,1272,2.308140922355737,0.7151231426778788,19,173,35,Deficient,Deficient,Excess,1,1,0,0
68,M,170,62,21.45,Moderate,Poor,44,23,512,3.2460165257529727,2.788662007519486,17,401,40,Excess,Excess,Deficient,0,1,0,0
64,F,181,96,29.3,Moderate,Average,13,21,1059,3.4837748636359374,2.345166436952378,17,209,41,Deficient,Excess,Normal,0,1,1,0
40,M,170,95,32.87,Low,Average,49,9,870,3.3137292220995342,2.275604236352509,15,215,95,Excess,Deficient,Normal,1,0,1,0
33,M,184,80,23.63,Low,Average,13,11,790,1.1164388434354064,2.2147879002448927,18,202,82,Deficient,Normal,Deficient,1,1,0,0
48,F,181,65,19.84,Low,Good,30,22,831,1.5823863113379166,0.8409175169603944,5,255,65,Normal,Excess,Normal,0,0,0,0
28,M,179,99,30.9,Low,Average,8,11,1105,2.609822527791323,0.8697180676103204,9,245,46,Deficient,Normal,Normal,0,1,1,1
33,F,188,81,22.92,Moderate,Average,21,21,760,3.804466121331404,2.158391095753589,19,325,57,Normal,Excess,Deficient,0,1,0,0
25,F,161,71,27.39,Low,Poor,20,11,1289,3.5048703251563507,0.8932514252980717,18,188,51,Normal,Normal,Excess,0,0,1,1
21,M,167,78,27.97,Moderate,Poor,19,8,704,3.527603525055405,1.484413581368232,14,317,36,Normal,Deficient,Deficient,1,1,1,0
57,M,170,71,24.57,High,Average,39,12,1196,1.909624581279025,2.4114049291036417,16,191,44,Excess,Normal,Normal,0,0,0,0
21,F,162,92,35.06,High,Average,9,17,1186,2.288343691236108,2.4166717988641704,19,253,40,Deficient,Normal,Normal,0,1,1,0
42,M,170,52,17.99,Low,Poor,9,8,886,2.412117841947812,1.5238067858198212,14,353,53,Deficient,Deficient,Normal,1,1,0,0
20,M,157,59,23.94,High,Good,24,10,967,1.4721147500497311,2.438912833343162,19,157,96,Normal,Normal,Normal,1,0,0,0
49,M,189,91,25.48,High,Good,19,9,914,1.0932043907333688,2.564278849734753,8,431,59,Normal,Deficient,Normal,1,0,0,0
20,M,156,70,28.76,High,Good,22,16,568,3.840708698381551,2.0678945284675025,15,192,99,Normal,Normal,Deficient,0,1,1,0
44,M,172,65,21.97,Low,Good,6,8,971,1.72213775699052,0.9167498012327344,11,259,95,Deficient,Deficient,Normal,1,1,0,0
46,F,181,61,18.62,Low,Good,33,13,603,1.719846711170894,1.0398318070409784,17,359,90,Excess,Normal,Deficient,0,1,0,0
49,F,160,51,19.92,High,Good,17,8,1257,1.2501371613062786,1.1500711196035855,13,386,70,Normal,Deficient,Excess,1,0,0,0
67,M,171,90,30.78,Moderate,Good,8,23,660,3.785523255831336,0.6153710908816704,9,198,80,Deficient,Excess,Deficient,0,1,1,1
68,M,171,73,24.96,High,Good,46,18,699,2.739211344819316,1.037530974998852,8,264,73,Excess,Normal,Deficient,0,1,0,0
36,M,174,84,27.74,Low,Poor,49,9,715,3.0011105713760617,0.8657019056438366,19,304,42,Excess,Deficient,Deficient,1,1,1,1
38,F,171,79,27.02,Low,Good,14,22,711,3.7347306617891576,1.529387624483226,13,286,41,Deficient,Excess,Deficient,0,1,1,0
22,M,177,79,25.22,Low,Good,35,14,1007,2.0368605067023684,2.7527813792551155,9,316,38,Excess,Normal,Normal,0,0,0,0
35,F,178,96,30.3,High,Good,45,23,515,2.8645219334142524,0.5820968552356869,13,348,77,Excess,Excess,Deficient,0,1,1,1
45,F,162,84,32.01,Moderate,Average,12,16,997,1.1163983641866624,2.244723394657968,12,220,78,Deficient,Normal,Normal,1,1,1,0
59,F,167,68,24.38,Low,Poor,7,22,831,1.560317584693388,2.1556641119154447,8,156,82,Deficient,Excess,Normal,0,1,0,0
39,M,151,99,43.42,Low,Poor,13,21,1216,3.493737415269828,0.5585363363910657,15,349,85,Deficient,Excess,Excess,0,1,1,1
38,F,178,57,17.99,High,Poor,34,15,1050,3.3003050690150078,2.79094549324566,15,216,69,Excess,Normal,Normal,0,0,0,0
23,M,170,75,25.95,Moderate,Good,15,7,1100,2.0519280743714408,1.834874945823413,11,287,53,Normal,Deficient,Normal,1,0,0,0
18,F,164,98,36.44,High,Good,39,21,755,2.130431883322637,1.2820589070663475,9,391,62,Excess,Excess,Deficient,0,1,1,0
22,M,176,89,28.73,Low,Average,41,5,1265,2.6006633006607385,2.342654175437328,14,362,52,Excess,Deficient,Excess,1,0,1,0
58,F,180,56,17.28,Moderate,Poor,46,19,1227,1.0007230140554038,0.994886737684412,8,330,83,Excess,Excess,Excess,1,0,0,0
29,M,164,79,29.37,Moderate,Good,17,13,671,1.7237330081140836,2.172476560025065,9,403,82,Normal,Normal,Deficient,0,1,1,0
43,F,172,56,18.93,Low,Poor,40,19,1148,1.624695425824643,0.4072202604450675,9,250,78,Excess,Excess,Normal,0,0,0,0
63,M,173,52,17.37,Moderate,Average,17,7,997,1.7514488402492905,2.5664017015450344,15,236,78,Normal,Deficient,Normal,1,0,0,0
51,M,162,50,19.05,Moderate,Average,16,23,970,3.417717527600324,1.51006128695756,19,334,89,Normal,Excess,Normal,0,0,0,0
66,M,171,85,29.07,High,Average,41,17,883,1.8390215696393293,2.019070868766443,13,240,94,Excess,Normal,Normal,0,0,1,0
31,M,186,74,21.39,Low,Poor,14,16,1189,1.5745639661504445,0.8973421134780459,16,397,61,Deficient,Normal,Normal,0,1,0,0
43,F,182,86,25.96,Low,Good,13,24,1088,2.5127903823790945,2.1280990241778097,13,363,50,Deficient,Excess,Normal,0,1,0,0
62,F,152,50,21.64,Low,Good,11,5,1199,3.596935109118196,2.3850487449118467,10,398,47,Deficient,Deficient,Normal,1,1,0,0
44,M,168,64,22.68,Low,Average,6,21,1006,1.7240491115124996,1.5776756045878766,18,275,89,Deficient,Excess,Normal,0,1,0,0
26,F,172,86,29.07,Low,Good,27,17,1026,1.235608728378396,1.9678626949668447,8,153,42,Normal,Normal,Normal,1,0,1,0
43,M,178,62,19.57,Moderate,Average,43,5,824,2.069214207548994,1.532079994320476,19,237,53,Excess,Deficient,Normal,1,0,0,0
64,M,179,89,27.78,High,Poor,44,14,713,3.2429554736949333,2.7140466969961827,6,300,59,Excess,Normal,Deficient,0,1,1,0
39,F,188,57,16.13,Low,Average,43,19,707,2.652071634084384,1.644246787388662,18,325,31,Excess,Excess,Deficient,0,1,0,0
64,M,174,54,17.84,High,Poor,25,11,668,3.450380108723042,2.572883514377811,7,360,54,Normal,Normal,Deficient,0,1,0,0
47,M,186,58,16.76,High,Average,27,22,829,3.878776442827702,2.463650557329671,6,408,79,Normal,Excess,Normal,0,0,0,0
60,F,157,50,20.28,Moderate,Good,33,20,779,3.377987430254852,1.4083630176405628,9,240,43,Excess,Excess,Deficient,0,1,0,0
65,M,165,85,31.22,Low,Good,18,18,804,2.81140923653126,0.9212281280151826,10,408,35,Normal,Normal,Normal,0,0,1,1
34,M,157,84,34.08,Moderate,Average,30,22,645,2.4800247641571413,1.3964217579113818,15,340,59,Normal,Excess,Deficient,0,1,1,0
43,M,150,51,22.67,Low,Good,9,11,1274,1.1202072590448,2.5307869145930946,9,230,59,Deficient,Normal,Excess,1,1,0,0
53,M,154,89,37.53,Moderate,Good,35,21,1015,3.952965936442124,0.9146078467123592,6,287,67,Excess,Excess,Normal,0,0,1,1
18,F,152,72,31.16,High,Good,29,22,589,2.150443367725128,1.7159781338159237,16,275,87,Normal,Excess,Deficient,0,1,1,0
25,F,150,58,25.78,Low,Poor,35,16,952,1.4566846417506003,2.476461219494018,9,379,70,Excess,Normal,Normal,1,0,0,0
66,F,153,83,35.46,High,Good,24,12,559,3.0001265661893703,1.2543891828466227,13,169,86,Normal,Normal,Deficient,0,1,1,0
52,M,189,95,26.6,High,Poor,48,6,810,1.852864867286378,2.033966019907283,8,198,65,Excess,Deficient,Normal,1,0,0,0
69,M,184,63,18.61,Moderate,Average,21,11,1027,2.7573348127931427,0.9632052499317992,16,284,93,Normal,Normal,Normal,0,0,0,0
32,F,181,53,16.18,Low,Good,49,8,726,2.7603037235337737,0.5950545024940318,14,178,45,Excess,Deficient,Deficient,1,1,0,0
64,M,183,79,23.59,High,Good,6,22,973,2.3371894627086074,2.444837407750712,6,197,43,Deficient,Excess,Normal,0,1,0,0
39,M,174,80,26.42,Moderate,Good,29,10,1040,3.508355846635128,0.5672152832035084,7,418,60,Normal,Normal,Normal,0,0,0,0
31,M,159,87,34.41,Low,Average,17,13,1162,1.7949011846663292,1.0327297667148785,7,152,95,Normal,Normal,Normal,0,0,1,0
43,M,170,60,20.76,Low,Poor,43,13,1256,2.3458977748532024,2.6087954393930883,13,407,97,Excess,Normal,Excess,0,0,0,0
45,F,188,84,23.77,High,Poor,32,18,1281,2.6130763857729145,1.2354670751124015,8,165,94,Excess,Normal,Excess,0,0,0,0
40,F,176,57,18.4,Low,Good,46,12,578,2.990874162301899,2.927222443688235,19,243,84,Excess,Normal,Deficient,0,1,0,0
31,F,176,52,16.79,High,Average,10,23,932,3.351915551516768,2.945282703889421,5,283,69,Deficient,Excess,Normal,0,1,0,0
41,M,151,63,27.63,Low,Average,7,7,652,2.184421848634768,1.024345255224603,5,282,54,Deficient,Deficient,Deficient,1,1,1,0
19,F,162,62,23.62,Moderate,Average,39,22,1288,2.938140832289788,0.4106412000747042,19,181,54,Excess,Excess,Excess,0,0,0,0
62,F,158,94,37.65,High,Average,22,9,900,1.4518328592055574,2.203670867354524,11,418,32,Normal,Deficient,Normal,1,0,1,0
43,M,185,81,23.67,High,Average,15,18,778,3.797944301627436,1.517663557150528,11,174,98,Normal,Normal,Deficient,0,1,0,0
31,M,171,83,28.38,Low,Poor,24,8,556,2.1491764192630107,0.5720326786908561,6,208,55,Normal,Deficient,Deficient,1,1,1,1
68,F,175,94,30.69,Low,Poor,9,11,685,3.1885642659293154,2.210311611240716,13,362,69,Deficient,Normal,Deficient,0,1,1,0
24,F,161,68,26.23,High,Poor,23,24,897,1.061023245646533,0.3841722546021873,13,305,67,Normal,Excess,Normal,1,0,0,0
20,F,166,87,31.57,Low,Good,26,16,1104,1.6155614287144209,2.6495310643290537,9,425,67,Normal,Normal,Normal,0,0,1,0
64,F,163,65,24.46,Moderate,Average,23,6,1287,2.461247632970734,0.6743618286059201,19,359,97,Normal,Deficient,Excess,1,0,0,0
40,M,163,51,19.2,Low,Good,20,15,657,3.63475740319704,0.6437420726161576,19,206,36,Normal,Normal,Deficient,0,1,0,0
63,F,183,89,26.58,Moderate,Average,28,18,1286,2.5817654498520315,0.7743152045151782,7,334,59,Normal,Normal,Excess,0,0,0,0
60,F,169,66,23.11,Moderate,Poor,45,20,1192,3.789611446881637,2.8927191679285795,7,203,48,Excess,Excess,Normal,0,0,0,0
64,M,160,83,32.42,Moderate,Good,8,24,858,2.451390689748389,2.1715572726853845,16,358,64,Deficient,Excess,Normal,0,1,1,0
62,F,165,91,33.43,Moderate,Poor,19,10,939,2.47134729020785,2.4637031457518197,7,442,62,Normal,Normal,Normal,0,0,1,0
35,M,180,65,20.06,Moderate,Average,29,8,1088,1.3592403655015957,1.3736144614784334,10,401,62,Normal,Deficient,Normal,1,0,0,0
55,M,155,87,36.21,Low,Average,48,19,965,3.407968732456659,1.20804436426338,8,261,67,Excess,Excess,Normal,0,0,1,0
